Timestamp,CPU_Usage,RAM_Usage,Disk_Usage,Network
2024-01-01 00:00:00,44.19929951759426,55.0,52.52178904917934,65.27552809364671
2024-01-01 01:00:00,34.667662342766526,59.17951639331191,53.470139881563085,37.85795252577171
2024-01-01 02:00:00,34.60140963894073,55.0,56.29472989009,44.734012701329206
2024-01-01 03:00:00,37.61514928204013,55.62303790850983,51.716021114073264,45.86349834736011
2024-01-01 04:00:00,30.19220007482059,55.0,50.0,27.141647725962564
2024-01-01 05:00:00,34.188299063876556,55.0,56.327687970846696,29.258670337120353
2024-01-01 06:00:00,49.61179283007505,55.0,60.3212604582598,27.594217892888423
2024-01-01 07:00:00,53.837173645764544,55.0,59.85615749388296,18.28183160446583
2024-01-01 08:00:00,57.29986626622441,56.470910537618444,58.31104583555336,21.363710167972567
2024-01-01 09:00:00,72.71280021792982,59.20353029879558,57.24486225046026,13.32036468905105
2024-01-01 10:00:00,78.03567334003851,58.52691586120014,59.981308685338114,22.36634764889847
2024-01-01 11:00:00,87.67135123214871,62.787944134559716,56.35445492072811,33.66852592111736
2024-01-01 12:00:00,95.0,71.72443012345464,58.991267940541945,36.255783687747474
2024-01-01 13:00:00,95.0,72.57611795708824,58.60944320157544,37.54317849041289
2024-01-01 14:00:00,95.0,70.31644726908871,59.134308703886646,51.793731234326344
2024-01-01 15:00:00,95.0,70.1452925069191,61.846372451224966,63.481449678168566
2024-01-01 16:00:00,95.0,70.75691937698018,56.37213352165912,48.600469771380176
2024-01-01 17:00:00,95.0,71.92143916520891,53.82962354978538,80.4857959552436
2024-01-01 18:00:00,93.74415086985584,66.03830491367773,54.10956566133029,73.29072420408458
2024-01-01 19:00:00,82.93848149332354,66.77016835832559,50.03794848158276,82.3816942545939
2024-01-01 20:00:00,87.6810056487086,60.49027952439898,51.74662451059555,89.57797538916182
2024-01-01 21:00:00,68.87111849756732,64.30669315217439,52.054490978239926,68.00438521082832
2024-01-01 22:00:00,59.98487921933879,62.48722273974314,51.7593628866705,70.30523409411279
2024-01-01 23:00:00,42.87625906893273,56.53268667001318,53.25117829694627,68.9048138685908
2024-01-02 00:00:00,38.993815129912186,60.31719838510819,51.638036304834664,58.72997183100456
2024-01-02 01:00:00,35.913596797171785,55.0,56.03839972124803,71.6440639597701
2024-01-02 02:00:00,25.607999061325756,55.0,54.454779209201476,43.14582324938565
2024-01-02 03:00:00,31.87849009172836,55.0,55.19601365098664,37.791054411029435
2024-01-02 04:00:00,28.359773498843243,55.0,55.37198834475194,36.63511225282382
2024-01-02 05:00:00,33.900515099656076,56.11177084322895,57.151322630009645,19.169600355794863
2024-01-02 06:00:00,38.707195691391114,55.0,59.25138700552574,20.85379219241673
2024-01-02 07:00:00,59.26139092254469,56.93382389477762,56.524956737534666,23.56185130132935
2024-01-02 08:00:00,59.5797520722095,55.67812538514867,57.45644640780598,17.33711676493991
2024-01-02 09:00:00,64.71144535522049,57.71238003010472,58.5016349451234,20.275130340128364
2024-01-02 10:00:00,84.46548636461677,63.494233780713984,56.556274026069445,19.784580986879877
2024-01-02 11:00:00,83.89578175014489,65.41321464182103,57.543983981646434,16.67103409095744
2024-01-02 12:00:00,95.0,61.16368067190439,57.96706303569257,37.57274569071391
2024-01-02 13:00:00,94.84266553197867,72.41834759120188,60.22823362562002,56.27489322010231
2024-01-02 14:00:00,95.0,73.74298841774706,58.419963927845124,50.1472130462675
2024-01-02 15:00:00,95.0,68.749832063124,57.59518457709028,59.56668429105602
2024-01-02 16:00:00,95.0,72.17947409237573,58.170049892589915,70.54178204093488
2024-01-02 17:00:00,95.0,72.15821390110398,55.453759605353966,61.058559463222835
2024-01-02 18:00:00,95.0,70.48394200198277,55.822596366524444,89.60087937857
2024-01-02 19:00:00,88.49448152205356,66.48662060429747,54.25060916644839,80.59640516005447
2024-01-02 20:00:00,72.96015185226369,64.07639973745567,54.547727852525306,93.05485519271286
2024-01-02 21:00:00,66.40077895802645,63.62759966662231,52.58849092019535,73.11351082448013
2024-01-02 22:00:00,57.34404434110023,64.6590600736511,50.0,90.52525749399575
2024-01-02 23:00:00,55.28561113109459,60.20828461593269,53.5588626094586,77.41444738787469
2024-01-03 00:00:00,43.4338202003804,55.07863319421787,57.009324822751324,69.42432068681886
2024-01-03 01:00:00,26.543783071808782,56.459306097857336,56.52972157203465,59.636766987900806
2024-01-03 02:00:00,32.98338679541124,55.0,57.266112429499806,48.011771055404395
2024-01-03 03:00:00,28.074588597918417,55.051919790606576,58.56782811782869,51.83968191471535
2024-01-03 04:00:00,27.978356946907475,55.0,57.08604534065303,36.122878958784376
2024-01-03 05:00:00,38.417365292826794,55.0,58.11652505805526,13.050238935706355
2024-01-03 06:00:00,46.87072636501785,55.0,57.246839066274156,15.08174619281082
2024-01-03 07:00:00,54.65640059558099,55.0,58.50802383785476,19.53545919378597
2024-01-03 08:00:00,55.451150579785974,59.87136925102445,60.88517406645116,22.47999186532444
2024-01-03 09:00:00,68.45393812074393,57.42239642122959,62.397808257966744,20.569517300128783
2024-01-03 10:00:00,82.00907896111865,62.47800370868421,59.850075702606254,33.77100420481615
2024-01-03 11:00:00,94.8777256356118,63.91072236518131,59.163073552338986,13.177981652094578
2024-01-03 12:00:00,95.0,67.9192177197646,59.80151308144746,36.14870349204128
2024-01-03 13:00:00,95.0,68.81443031044306,60.56282114300518,27.69159484382714
2024-01-03 14:00:00,95.0,66.34897577797709,55.88808401852657,56.077698363873345
2024-01-03 15:00:00,95.0,74.2105587212321,53.49659522903309,57.0089016375396
2024-01-03 16:00:00,95.0,70.10603183781765,56.248132650223184,68.35687977619294
2024-01-03 17:00:00,95.0,66.6016157415146,54.16803071127682,64.3021397508783
2024-01-03 18:00:00,95.0,69.0128133168514,54.90633865232443,86.21648156679517
2024-01-03 19:00:00,95.0,73.23505353297476,55.04244441563082,87.31157210114286
2024-01-03 20:00:00,82.160941929339,69.23717316284842,53.9914587166324,84.6683544240951
2024-01-03 21:00:00,66.77440122697438,63.253543571611154,57.53989568531238,77.94163681376452
2024-01-03 22:00:00,61.45421622344124,60.68833799815583,55.222933973649084,80.61962039589422
2024-01-03 23:00:00,57.69018283232986,58.20781709373534,55.30932203400524,65.55806289169763
2024-01-04 00:00:00,41.53659855698834,63.015958236396806,56.28919521959063,71.84444527216569
2024-01-04 01:00:00,43.182202127692484,55.88525441784506,53.28057691294231,70.96041850766699
2024-01-04 02:00:00,20.0,55.0,58.29449341611038,58.56488447983348
2024-01-04 03:00:00,34.10951252187612,55.2917111468239,56.82499048209771,36.39860888846509
2024-01-04 04:00:00,31.798202289628126,55.0,59.130643774164966,37.891338538184826
2024-01-04 05:00:00,33.86394709629312,55.0,56.459131558116134,18.44166421433439
2024-01-04 06:00:00,42.17453263521561,55.0,56.255577706063114,28.598360375872247
2024-01-04 07:00:00,40.06215542699554,55.0,61.65690124691129,24.62705251422826
2024-01-04 08:00:00,58.54887875671161,56.87246027459746,61.28740320005629,10.0
2024-01-04 09:00:00,71.78556285755873,61.6036267513143,59.06688865586647,11.72795446002904
2024-01-04 10:00:00,87.7422320278084,62.189567816152056,59.27059447237124,21.754126712516708
2024-01-04 11:00:00,87.40864890863176,66.8446424287037,63.19527403182373,26.37991858727697
2024-01-04 12:00:00,94.24180323299596,66.84118359300759,58.302585758952,25.32418451664956
2024-01-04 13:00:00,95.0,69.41510830344866,63.52670593261126,45.34725848174185
2024-01-04 14:00:00,95.0,64.79858849218456,57.85550456245029,52.0117888715241
2024-01-04 15:00:00,95.0,74.56597938223622,60.24669336747671,56.21041829724747
2024-01-04 16:00:00,95.0,73.22200511023367,57.572921778660756,58.953667998733096
2024-01-04 17:00:00,95.0,74.86062986231092,58.69678280622221,79.60286044692893
2024-01-04 18:00:00,95.0,62.20363076040618,55.71534342434305,89.22401901823952
2024-01-04 19:00:00,94.84322495266444,75.5931363706521,55.89337162207355,75.10928291789975
2024-01-04 20:00:00,76.84249633471407,66.8629771472805,55.860746266422254,75.10266466276144
2024-01-04 21:00:00,68.36168926701116,68.21928652028538,53.51153808576032,82.90743611196802
2024-01-04 22:00:00,57.68669743023838,59.211631424972616,56.932045516237075,73.11652707555727
2024-01-04 23:00:00,42.682425259339425,61.606282057813296,54.5628985627928,70.09802583029055
2024-01-05 00:00:00,43.196330137860976,55.0,55.46853348177617,70.91722521379735
2024-01-05 01:00:00,36.6642602095219,55.0,54.450496780239206,42.48972265301728
2024-01-05 02:00:00,31.388534231649572,59.51239557931153,51.9725549046316,60.54641859882135
2024-01-05 03:00:00,28.827064333124266,55.0,57.475415910920674,42.816872841559096
2024-01-05 04:00:00,24.286113238185198,55.0,63.495865763860756,31.70805484350256
2024-01-05 05:00:00,33.25575723479567,55.4559052466359,61.05300698094488,28.072923330631983
2024-01-05 06:00:00,40.002156169904254,55.35655353083533,60.20552685957883,23.718672726630988
2024-01-05 07:00:00,45.9886136538919,55.93475239562875,60.37629265339708,10.0
2024-01-05 08:00:00,58.84080963756912,58.674248086763754,61.460468314437726,31.95950581962589
2024-01-05 09:00:00,72.02025428407269,67.22622297135628,62.84618237588429,21.352830269492898
2024-01-05 10:00:00,89.78369131015347,62.456111862867495,59.529247385255324,27.563254930045844
2024-01-05 11:00:00,90.8728890641592,65.84525743243995,64.05400023328431,36.39919472899592
2024-01-05 12:00:00,95.0,70.83053461659426,62.99312455652152,26.8307003395176
2024-01-05 13:00:00,95.0,73.09101862661244,62.558683858467575,46.023203839206204
2024-01-05 14:00:00,95.0,74.94951955770013,61.41464989031787,47.85887127280965
2024-01-05 15:00:00,95.0,74.32842511945444,59.89009521260031,64.53873755480757
2024-01-05 16:00:00,95.0,69.34876303958632,60.456833583044755,47.98218063718804
2024-01-05 17:00:00,95.0,77.36213222487335,59.554988592492656,70.42044903366627
2024-01-05 18:00:00,95.0,68.04859881116927,56.97644238764176,71.15819686726147
2024-01-05 19:00:00,91.50773671166806,70.83115674726511,55.95270626937672,82.4358783937453
2024-01-05 20:00:00,80.17920295557462,65.61415657692605,56.86357288710716,83.76035349894562
2024-01-05 21:00:00,64.15660981190234,65.29756112553194,59.49490568126603,73.31676763009584
2024-01-05 22:00:00,65.36135226847428,63.912874532497746,53.853135055041406,70.2833712001248
2024-01-05 23:00:00,53.75966516343389,61.3272700842145,53.535227545183474,70.32788048713779
2024-01-06 00:00:00,30.67088848775333,59.24195273889633,57.136207375881625,37.82686218147832
2024-01-06 01:00:00,20.0,60.77105805880253,57.42192331412064,44.50044091669264
2024-01-06 02:00:00,23.376938503117763,55.726142517491205,58.32485793191542,27.046342396420425
2024-01-06 03:00:00,20.0,55.0,59.22633021289039,10.0
2024-01-06 04:00:00,20.0,55.9676583302619,59.10518279231769,12.001423547025551
2024-01-06 05:00:00,31.311261977672352,57.009351616581654,63.344477663305376,10.0
2024-01-06 06:00:00,21.763047126884658,55.0,57.92319204304697,10.0
2024-01-06 07:00:00,32.16851135198614,57.87093398498569,60.1260326432055,10.0
2024-01-06 08:00:00,45.145495021337375,60.27812140153587,62.08997938946792,10.0
2024-01-06 09:00:00,52.482621729419,59.71852380079958,59.34651890417792,11.651351837313799
2024-01-06 10:00:00,57.59944464877016,67.35132678914121,62.42011658796125,10.0
2024-01-06 11:00:00,75.34281487403014,65.38703162643557,66.02924955635498,10.0
2024-01-06 12:00:00,77.97275267883138,68.65053888422415,62.48508728318333,18.64723356136562
2024-01-06 13:00:00,92.00897830455345,69.85046345012498,62.46466659944146,18.562706165172443
2024-01-06 14:00:00,89.0399118803937,72.03040387900148,58.89832126330563,24.44319704669484
2024-01-06 15:00:00,95.0,69.71864728791937,59.49909146208575,28.52967000721175
2024-01-06 16:00:00,89.72076658988153,69.05286322523298,59.24167073141562,30.985369545986245
2024-01-06 17:00:00,88.03070857034918,77.84059091288306,58.61688251244981,48.093813783120865
2024-01-06 18:00:00,87.35185733431025,69.54198904050845,61.12876378048373,57.245190032894214
2024-01-06 19:00:00,68.84567841783023,67.5443113984172,59.096244317573145,58.20478542855293
2024-01-06 20:00:00,66.49006147712149,62.01205188141107,55.31789676366151,56.67226457642113
2024-01-06 21:00:00,61.53571377141214,64.16832901748052,57.770827316092046,51.411806303097805
2024-01-06 22:00:00,36.60982202309303,59.55255601660291,58.20874508429516,60.84673164701291
2024-01-06 23:00:00,35.923169292661534,65.88448201351088,59.63152853468326,40.67614807602375
2024-01-07 00:00:00,28.015142723780215,61.600879839456475,60.848719447497714,51.20822331074779
2024-01-07 01:00:00,24.268098207509002,55.0,56.170911907705246,29.746835201661824
2024-01-07 02:00:00,20.0,61.71808512422028,57.237411961706314,23.98051810117571
2024-01-07 03:00:00,20.0,56.931871531417436,57.104220480196545,10.501147121998953
2024-01-07 04:00:00,20.0,55.0,59.96449996432572,10.988782824914907
2024-01-07 05:00:00,21.843907214788388,55.0,62.17841991594626,16.589296232227404
2024-01-07 06:00:00,27.96819300426748,61.93281177516593,63.98062141413058,10.0
2024-01-07 07:00:00,36.73224104748488,55.0,62.512077026433325,10.0
2024-01-07 08:00:00,41.24711458800672,55.0,62.53774624420871,10.0
2024-01-07 09:00:00,56.16126848580502,64.27416370214657,63.817364891936116,10.0
2024-01-07 10:00:00,66.81812417059423,71.13870166346226,61.982491974517735,10.0
2024-01-07 11:00:00,71.42824290986816,70.5852549383028,67.76633904924088,10.0
2024-01-07 12:00:00,92.61314380318568,70.5607749792047,60.10894463330767,25.644599232312324
2024-01-07 13:00:00,92.01018075593647,72.74918004321053,63.253698326747916,12.661119475513884
2024-01-07 14:00:00,87.68051556554948,75.1391515078361,66.34681561306246,37.149581515112885
2024-01-07 15:00:00,95.0,75.87949641320337,61.62636634823708,44.90820231394578
2024-01-07 16:00:00,88.76362470042612,74.8118282401621,60.492937803012886,59.6369616137287
2024-01-07 17:00:00,93.57643917008981,73.96491713030187,59.418374241293805,47.93571069456045
2024-01-07 18:00:00,89.07724914249893,72.49033179700295,59.08564520790375,61.679339390174455
2024-01-07 19:00:00,70.89658840824144,68.85183277542419,61.60751152642835,77.2309894809828
2024-01-07 20:00:00,70.16964245032244,68.22543508685999,53.99804123582894,55.05886658453043
2024-01-07 21:00:00,57.063904634682494,61.60158191320095,61.225637542773065,46.697452808413175
2024-01-07 22:00:00,48.75753899587162,63.822044611679246,55.245339663353676,40.94068184227105
2024-01-07 23:00:00,44.48396491326975,58.58790130688712,57.69887818012428,56.914899666487074
2024-01-08 00:00:00,40.48878817252375,55.85589871501936,57.710101614716024,49.93479833553131
2024-01-08 01:00:00,31.590303026835002,57.660082895563214,60.25915921185481,54.78601892957224
2024-01-08 02:00:00,26.915394800309652,59.732022662459244,56.54383066131187,53.49850549631168
2024-01-08 03:00:00,25.920948575172808,57.33676298368769,61.424673911142044,43.71683294156368
2024-01-08 04:00:00,30.977458401366746,55.0,65.36211131006577,38.403558913473375
2024-01-08 05:00:00,37.06474372270568,55.0,59.40030753882035,30.565115410810407
2024-01-08 06:00:00,43.099182749188195,58.477535716596456,63.26631709712555,34.250164392973986
2024-01-08 07:00:00,54.13591624518012,55.0,62.22096709907754,13.403694165417573
2024-01-08 08:00:00,59.71224765528871,58.69117991508829,64.91016808405686,14.58403889233175
2024-01-08 09:00:00,77.26767038578659,63.4518467984294,64.43309684322253,14.840949649161358
2024-01-08 10:00:00,79.02947763791104,61.50964917509164,63.25075634064153,30.660772381367725
2024-01-08 11:00:00,95.0,67.34380109644722,65.44395855654585,35.98998527156409
2024-01-08 12:00:00,95.0,65.4622092295311,67.81391528806967,38.60980255454807
2024-01-08 13:00:00,95.0,69.75605218159915,63.38336196645426,51.7033779820438
2024-01-08 14:00:00,95.0,74.13348872916087,64.62007143985193,40.575673060988954
2024-01-08 15:00:00,95.0,69.41896753848616,59.90717312432714,71.10236424548472
2024-01-08 16:00:00,95.0,75.88491627737326,59.84109550033224,77.18590897369806
2024-01-08 17:00:00,95.0,74.18863851690429,61.9590300236278,77.0981794135624
2024-01-08 18:00:00,95.0,74.93081913919107,63.29561300945288,90.23515338370164
2024-01-08 19:00:00,89.63585543671563,72.38070703945628,60.453993655598985,65.72478912724986
2024-01-08 20:00:00,76.1187932137588,73.75511970261995,58.676601378394025,75.80441490989878
2024-01-08 21:00:00,62.42576387657068,67.65136395896893,59.0383053319795,73.09534710321643
2024-01-08 22:00:00,57.414663435564066,63.42408496392582,56.473390881266916,81.7525967035919
2024-01-08 23:00:00,54.281993971617375,62.51580523267482,60.32216587225622,62.81207751877926
2024-01-09 00:00:00,42.78619747318912,61.391798849013924,61.21420896091255,71.05996119469987
2024-01-09 01:00:00,29.13028995506251,57.86221874831799,59.05882438759959,68.72886050504933
2024-01-09 02:00:00,32.22887157769318,56.27302897227519,59.68094745051275,55.56162320067199
2024-01-09 03:00:00,31.926586898644185,55.0,61.913037419234634,44.505436836216376
2024-01-09 04:00:00,26.943679767431604,55.0,61.321004972363255,27.09701327279401
2024-01-09 05:00:00,36.127609378350094,55.0,62.87534269970671,22.011988835400658
2024-01-09 06:00:00,42.006772344768095,61.49919047743073,67.96730072119017,34.016189128840175
2024-01-09 07:00:00,44.28514851084688,55.0,63.931832434131145,27.25701724257061
2024-01-09 08:00:00,95.0,57.881601866929735,64.22266574858072,19.687843844979646
2024-01-09 09:00:00,72.80392263184117,60.24170679988625,63.98067005807308,17.678948845200825
2024-01-09 10:00:00,85.7680180199772,67.69469376575395,66.9030664826824,10.0
2024-01-09 11:00:00,95.0,66.73806363837136,64.98671802131987,20.219977214928065
2024-01-09 12:00:00,91.39592440767645,73.80275002754502,63.78742537280571,50.29135269711779
2024-01-09 13:00:00,95.0,70.13492133595926,67.28872999540725,31.991784078904644
2024-01-09 14:00:00,95.0,74.60636350864277,66.90071394553522,51.51583856976865
2024-01-09 15:00:00,95.0,72.28714567453999,62.173824289544434,65.82412313863722
2024-01-09 16:00:00,95.0,81.59417754205032,58.9018407321994,54.96061865598166
2024-01-09 17:00:00,95.0,71.2799947518339,63.910197228493274,72.69088723384509
2024-01-09 18:00:00,95.0,74.7980495018588,59.839073681813325,83.4840864136184
2024-01-09 19:00:00,95.0,74.2055333752967,62.204970537305584,79.07776936393006
2024-01-09 20:00:00,85.12277062156684,71.499333800291,56.24346218496905,100.0
2024-01-09 21:00:00,73.256956256529,67.31506556963019,61.705869578683796,65.62898071764648
2024-01-09 22:00:00,58.070891972697446,64.91807758333941,57.43281487159717,84.4505903526042
2024-01-09 23:00:00,53.79484610246635,62.87558523475339,61.455615838630926,69.83078953642472
2024-01-10 00:00:00,37.85160267985024,59.916136852257395,60.35904135289098,71.17536123869338
2024-01-10 01:00:00,34.174890814922406,61.202513982963694,58.936078595424846,61.29502856666959
2024-01-10 02:00:00,28.936149209291752,63.37806099867569,60.687911501130564,44.13475042312002
2024-01-10 03:00:00,30.409370696931614,55.0,63.63487025479632,44.06739978659909
2024-01-10 04:00:00,42.93625978180481,55.0,63.28718573162729,20.136788388813702
2024-01-10 05:00:00,26.02265788566372,55.55704638570635,65.0573862708557,33.61277656897472
2024-01-10 06:00:00,45.14702970441066,64.58482635607095,68.60169069284049,26.404505614391045
2024-01-10 07:00:00,41.93642064405174,56.048662452479306,62.17835299315342,26.13150656047277
2024-01-10 08:00:00,57.287578866952,65.47290597188776,69.0547235835128,28.464946600697203
2024-01-10 09:00:00,75.44475298483682,68.02526913406126,66.36541792534221,23.963183933005638
2024-01-10 10:00:00,80.67416189957814,63.94439400503475,64.49806682398867,25.203953244853054
2024-01-10 11:00:00,84.61127611035347,69.92510000604136,63.5694914972305,21.73824987111324
2024-01-10 12:00:00,94.70775270116206,75.53995177414751,65.58888304884687,29.302233890807592
2024-01-10 13:00:00,95.0,71.61324808096651,67.37037453566252,51.729305608343026
2024-01-10 14:00:00,95.0,73.75387803690238,64.68736207670524,61.49068324564783
2024-01-10 15:00:00,95.0,73.64338218771142,67.27793366246894,55.85968786257919
2024-01-10 16:00:00,95.0,72.70969806188965,60.61352163576989,65.36802197802619
2024-01-10 17:00:00,95.0,73.4901954689625,62.751944334079695,63.976288435646296
2024-01-10 18:00:00,95.0,70.79200466612905,59.58449882545948,85.36281687567272
2024-01-10 19:00:00,93.16959511159006,73.00169123251617,62.23193548518236,84.30110937820628
2024-01-10 20:00:00,70.22704887081281,68.54325490999868,62.838396981539695,95.52973949170999
2024-01-10 21:00:00,70.93227157384713,69.16752437687364,59.96010369567545,71.95119017123415
2024-01-10 22:00:00,56.338305872057234,61.23509083916689,55.52768339785685,72.95669892138743
2024-01-10 23:00:00,54.262166673981135,64.33202961069753,61.27293627504324,73.06477081580101
2024-01-11 00:00:00,37.75312506037459,63.45296783720772,62.08492470163751,70.17191630180615
2024-01-11 01:00:00,34.78530164128796,55.0,62.533499325093906,56.039230252694566
2024-01-11 02:00:00,33.88790334333955,58.463899798682455,64.85450089158081,43.01631127637039
2024-01-11 03:00:00,34.32877597085061,60.050534428814906,61.00107836253721,49.28668887831294
2024-01-11 04:00:00,25.361484913158385,55.0,65.31678141725011,40.76908290036465
2024-01-11 05:00:00,33.68647766941771,61.43484778651131,67.15452771581907,21.456603759893774
2024-01-11 06:00:00,39.341002196733314,58.69799346644424,61.972586736748866,34.862780295310806
2024-01-11 07:00:00,46.73335383713144,56.93988868435136,66.82709224936585,30.38381488490078
2024-01-11 08:00:00,68.47450939730466,60.98348641782053,65.69289115251259,21.07437197798234
2024-01-11 09:00:00,72.02490855480478,65.2623855246352,66.87461308504487,21.65900811033624
2024-01-11 10:00:00,74.0483420324256,66.42841299963406,67.87194026866398,28.4517000553941
2024-01-11 11:00:00,94.58930973527389,70.42965684106274,66.13661400143374,21.893172002353513
2024-01-11 12:00:00,95.0,68.4879792207619,65.4966600530301,35.240251833312655
2024-01-11 13:00:00,95.0,73.85395187127529,66.47633152774205,25.016360290050933
2024-01-11 14:00:00,95.0,70.71871372173261,63.64892082068709,57.011645164023484
2024-01-11 15:00:00,95.0,75.64998484074934,62.964925925156244,45.27262557354075
2024-01-11 16:00:00,95.0,73.63748342481199,65.7555719627384,77.027358627432
2024-01-11 17:00:00,95.0,73.82667637162933,61.35948654040688,68.57224268386483
2024-01-11 18:00:00,95.0,78.76734308728521,64.30286309705653,74.28742625808374
2024-01-11 19:00:00,93.87317026714669,76.76860928475939,63.310806686592706,73.955903539996
2024-01-11 20:00:00,75.71810944621042,73.27582706113422,58.493961124716286,77.69568900862339
2024-01-11 21:00:00,69.702373219691,65.78446644272177,60.327450359318625,90.32602554985634
2024-01-11 22:00:00,43.4409014955538,65.54879052393147,64.00528229815824,56.07829286125252
2024-01-11 23:00:00,44.87806179332856,67.5739201092298,59.79366130012328,81.42892652430193
2024-01-12 00:00:00,40.4528879955723,61.97276978853876,61.1635914545041,67.70418784881365
2024-01-12 01:00:00,29.120067938798204,66.45934144300024,63.52998398262669,48.108398170217896
2024-01-12 02:00:00,39.52502346809544,59.11692170256096,64.83066990745408,41.39750085560609
2024-01-12 03:00:00,22.849293110196836,57.53891289610323,63.52106033069868,55.64657286458999
2024-01-12 04:00:00,29.16274451495235,55.71947600421789,63.6422811979183,27.43594496045815
2024-01-12 05:00:00,36.01268673505292,57.41299143558315,68.49520479521252,19.5599924796359
2024-01-12 06:00:00,48.92209519786868,57.57876502444255,69.88851361330946,33.11775422538467
2024-01-12 07:00:00,42.8206892441028,61.77448837693045,69.02645708004387,23.73064822161526
2024-01-12 08:00:00,65.46305695667397,64.6161386964155,67.75283948061035,12.496595387708808
2024-01-12 09:00:00,70.05116530509794,61.82467450078427,66.30207936891868,22.7552250145649
2024-01-12 10:00:00,75.44521854886106,62.80193605996159,66.39665086942655,15.813216417344625
2024-01-12 11:00:00,92.31051737131635,63.90001083965183,69.03705172114473,37.59336775178442
2024-01-12 12:00:00,95.0,73.36921207597574,68.56582503408306,43.49096771898507
2024-01-12 13:00:00,95.0,70.63100767588354,70.09217625961124,46.49147823749992
2024-01-12 14:00:00,95.0,69.0964235288282,68.00526526443736,52.89328848997613
2024-01-12 15:00:00,95.0,77.74463693362644,63.01136796035936,71.85407635201462
2024-01-12 16:00:00,95.0,84.4234429967428,67.3816730132236,64.9974906191058
2024-01-12 17:00:00,95.0,76.61029156001703,62.541905737047735,61.758210432230015
2024-01-12 18:00:00,95.0,78.16977398024693,63.08324793228578,79.57655341619162
2024-01-12 19:00:00,83.81092250586576,74.33540509385737,63.76697689434057,95.66615118496895
2024-01-12 20:00:00,91.01792867738217,71.74698183407737,66.81786194281779,71.88192405451318
2024-01-12 21:00:00,60.23956100238749,72.4138722809409,68.78336915695303,76.08607265512016
2024-01-12 22:00:00,58.88831272072125,66.222430335688,63.71146199128824,79.31233041834479
2024-01-12 23:00:00,52.9415860324229,65.33204204674605,62.27055150591425,70.78196464355051
2024-01-13 00:00:00,28.12068809121326,63.10795056144518,64.04236365703635,37.14157135698147
2024-01-13 01:00:00,20.0,58.092319557364114,65.26212542882296,46.73943420291939
2024-01-13 02:00:00,20.0,61.5083333282255,63.50350601872688,48.56032577613807
2024-01-13 03:00:00,20.0,57.03312437178499,68.4955131955647,23.804480319115626
2024-01-13 04:00:00,20.0,55.0,66.17839548663677,10.0
2024-01-13 05:00:00,24.60699433372758,59.21713634718561,67.52690363095067,10.0
2024-01-13 06:00:00,28.500806182363334,55.936008683449174,68.62351517077559,10.0
2024-01-13 07:00:00,31.535452023696728,60.32994391421016,68.79286658066157,10.0
2024-01-13 08:00:00,49.14523757306542,62.31391285133722,70.1410365773719,10.0
2024-01-13 09:00:00,56.536497604383044,68.03556767504095,67.56505682005907,10.0
2024-01-13 10:00:00,69.41707239829563,68.81496771451287,67.8218885556,10.0
2024-01-13 11:00:00,78.14814420961807,69.92878417796439,66.67266742562224,10.0
2024-01-13 12:00:00,79.13929619285155,74.89377508807705,69.48898343449852,21.678010610599056
2024-01-13 13:00:00,86.8401109503927,78.70696823669519,69.72780446169499,29.545601618009062
2024-01-13 14:00:00,95.0,77.82376432197934,68.50086319262122,17.634161706474135
2024-01-13 15:00:00,95.0,77.20519707480177,70.24746581152645,50.48328317852109
2024-01-13 16:00:00,93.53252508174198,73.60417384263206,66.14753812107207,49.592569767152014
2024-01-13 17:00:00,90.22765306792147,74.0284014006487,66.75646268381396,62.40996059676277
2024-01-13 18:00:00,89.67259572640403,75.33386563906609,62.548741104864234,45.24374012565224
2024-01-13 19:00:00,72.04214305582084,72.85661850697493,63.373329457840754,48.05118154534854
2024-01-13 20:00:00,68.08824870995103,72.07797497993255,65.0985548593338,58.80824552186162
2024-01-13 21:00:00,53.98903673783053,70.42183070190701,65.14268864738098,63.0000502038336
2024-01-13 22:00:00,43.55883217976307,69.27757032656226,62.79103435863989,70.35164869694887
2024-01-13 23:00:00,40.49388425993597,64.91360686559116,63.37469862059127,56.86183474611748
2024-01-14 00:00:00,30.842810497478247,64.19760016957385,60.818557247666014,43.05854978550372
2024-01-14 01:00:00,24.426532028625644,60.88525225796171,63.65370855641444,29.553617691748485
2024-01-14 02:00:00,22.890360984208915,55.0,66.80655997783322,39.84000458175319
2024-01-14 03:00:00,20.0,55.33523555565306,66.93645289690556,14.51778524091865
2024-01-14 04:00:00,20.0,57.40503892013673,67.60053779196878,28.027748438178573
2024-01-14 05:00:00,20.0,55.0,67.51191720808218,10.0
2024-01-14 06:00:00,28.33656051498031,61.02643691404899,68.1867453648754,16.743894467409643
2024-01-14 07:00:00,34.34928472816158,65.43289103437198,67.51000346143815,10.0
2024-01-14 08:00:00,45.13221802086276,66.59279349159989,70.74176479779013,10.0
2024-01-14 09:00:00,57.975785127184565,64.73279045999368,70.52246146288408,10.0
2024-01-14 10:00:00,61.26165838793346,72.45828952166097,70.80348214043003,10.0
2024-01-14 11:00:00,85.4619363784273,71.04510552104425,68.70185858718285,12.213330103405477
2024-01-14 12:00:00,78.25418433996339,72.02445637236016,65.18424751446797,15.617251969741734
2024-01-14 13:00:00,83.57007308743889,73.29137569425853,71.24518925913053,17.484937382374735
2024-01-14 14:00:00,95.0,75.83816243869745,67.50859492925304,28.674948717458943
2024-01-14 15:00:00,95.0,76.60484685488605,66.05388179769751,38.39318759082882
2024-01-14 16:00:00,95.0,78.6461693020471,68.42664036351053,27.970127244681503
2024-01-14 17:00:00,92.78274369769896,78.30070242826251,65.51590647374306,54.87854835390601
2024-01-14 18:00:00,83.22303738322734,76.85391590782844,67.73296800618849,48.14299231579871
2024-01-14 19:00:00,70.51372814257084,76.59120771792992,66.26249314289534,49.75111556302609
2024-01-14 20:00:00,65.73178459506947,76.80606580848601,65.95557037155558,46.50124522311432
2024-01-14 21:00:00,51.61419144243944,73.69578142877775,61.59352538444601,44.626634805728926
2024-01-14 22:00:00,49.52283686298793,63.82903625338044,66.68380860569343,45.137182088634844
2024-01-14 23:00:00,34.26471309248932,58.05857789030067,64.9213505677275,45.541035774552505
2024-01-15 00:00:00,37.58824276857554,66.13629306705116,63.996702843487604,80.62607310021254
2024-01-15 01:00:00,33.752054640357485,57.18643101352318,65.53549627366453,53.557533945913995
2024-01-15 02:00:00,33.42762421981539,59.04838626441406,62.354275565949386,51.422000850144244
2024-01-15 03:00:00,27.181377235980126,55.23814075416934,67.48430086860616,45.439279738974996
2024-01-15 04:00:00,27.251864970605112,55.0,65.42141571379459,36.04852148972679
2024-01-15 05:00:00,36.57741990608202,60.422471191564945,65.58798164298557,28.167248878595625
2024-01-15 06:00:00,42.94056160808171,62.09935430020642,66.00885305613565,14.456887777672883
2024-01-15 07:00:00,47.46528412314435,59.70634543039881,71.93697487131726,32.62964559756165
2024-01-15 08:00:00,57.292046667807554,55.758619155311294,68.96653355095187,34.457573149103084
2024-01-15 09:00:00,71.16024968678818,64.32962382326495,73.62892337489068,10.0
2024-01-15 10:00:00,73.1123400966142,69.75676122255685,69.62879389929223,15.827009159375807
2024-01-15 11:00:00,82.96268112811723,66.75760653835363,67.2201647382845,26.548313825387527
2024-01-15 12:00:00,94.69205014119973,74.18103214028984,68.13883685526551,27.28369764071847
2024-01-15 13:00:00,95.0,75.68089223260047,72.4034594565894,46.283153074571295
2024-01-15 14:00:00,95.0,79.0786840922032,69.03542586634889,44.1738223807471
2024-01-15 15:00:00,95.0,78.72335651099029,67.56381111375494,75.08501989552845
2024-01-15 16:00:00,95.0,75.81095190751407,68.2406713723405,74.52438875474877
2024-01-15 17:00:00,95.0,82.00393308534449,68.18444960686878,72.91379568065415
2024-01-15 18:00:00,95.0,76.96442722352538,68.72884525085254,84.19665222009101
2024-01-15 19:00:00,84.98735317681096,75.79371768539917,68.80643208448018,87.82497818353052
2024-01-15 20:00:00,80.26019612413889,71.02956120214549,64.74984681452882,75.48842009553405
2024-01-15 21:00:00,68.5567068053993,70.11251036411736,62.55429381563538,72.44803683233633
2024-01-15 22:00:00,61.260830997589615,66.22456011188756,64.31394269362646,76.60590661729034
2024-01-15 23:00:00,45.8638452822384,65.79674121047435,65.80036289937794,78.10629243157997
2024-01-16 00:00:00,44.31246132374396,69.06369686899846,63.68869165051118,66.11248318922733
2024-01-16 01:00:00,43.02267841363534,57.766601775213466,64.21536989014233,45.14859949554764
2024-01-16 02:00:00,30.819166206152982,55.477236371699995,67.47527417579819,43.57740444839325
2024-01-16 03:00:00,32.00855861049471,63.75722891006633,67.45064292345629,41.64364573816935
2024-01-16 04:00:00,34.81368690699283,58.39980674632217,68.42670510193429,34.39467516539336
2024-01-16 05:00:00,33.35288148919328,57.38610288620894,67.65728392622488,44.56713397872204
2024-01-16 06:00:00,42.83619116159018,63.5368409767248,69.47372238111228,12.931334347274856
2024-01-16 07:00:00,50.06296200390897,60.214268108606475,68.7440842137532,25.066939146014946
2024-01-16 08:00:00,60.135618688643326,69.60501326762494,72.8864095415394,31.912904866626317
2024-01-16 09:00:00,66.13495108072267,68.5973728772783,73.51291900545756,39.19382317471032
2024-01-16 10:00:00,80.47531267539554,67.7128530771502,67.88897348187301,20.784058500995155
2024-01-16 11:00:00,92.48999145622724,78.26150397971061,69.65681131403795,32.718232186165174
2024-01-16 12:00:00,95.0,72.40904570718047,68.25977960593505,39.55808285758918
2024-01-16 13:00:00,95.0,78.54834599138546,69.5127407287141,43.7992824993507
2024-01-16 14:00:00,95.0,78.8339254298575,70.06129866359389,49.20923839008555
2024-01-16 15:00:00,95.0,82.86507736918233,66.64204764829145,61.25237446907599
2024-01-16 16:00:00,95.0,84.00993041557739,66.95786767533667,44.74203131824252
2024-01-16 17:00:00,95.0,79.1054691227864,66.05392177132308,76.66975935609747
2024-01-16 18:00:00,95.0,75.77500042680583,67.78953465879789,76.9901853428289
2024-01-16 19:00:00,85.95850857322424,77.85078582798441,66.9290746797192,77.19797561444592
2024-01-16 20:00:00,76.15415259319695,72.39145706534686,64.90686138038487,96.37489756575647
2024-01-16 21:00:00,67.0030367727799,78.07775695550984,66.44098331303063,73.57830263834764
2024-01-16 22:00:00,49.027759574350135,69.88381234245456,64.92846522765086,72.75615420101292
2024-01-16 23:00:00,47.371224891596206,65.8148528315464,65.61744404651245,87.1456298532343
2024-01-17 00:00:00,37.920065444769605,65.07785044140424,69.84406606448186,58.34350956120113
2024-01-17 01:00:00,36.11095278100349,58.43616443065655,69.6915462044655,53.36364908958331
2024-01-17 02:00:00,33.07174682732307,57.99831654503635,65.0694883197956,48.823796612553195
2024-01-17 03:00:00,39.38085419607943,63.54019774665687,70.08836484330791,48.96130450396076
2024-01-17 04:00:00,36.11508613936752,57.65233303610169,70.86485660104668,36.662420058826505
2024-01-17 05:00:00,32.47446557031044,56.84782624938096,67.75870039907218,18.445793787185472
2024-01-17 06:00:00,37.22365539579631,62.62232326735653,72.45303147798592,19.761889381449322
2024-01-17 07:00:00,52.45959585753253,66.18346528704414,74.5493667200673,16.16338974563026
2024-01-17 08:00:00,53.04607216079596,66.87908215421743,69.74187548775338,19.382231638215636
2024-01-17 09:00:00,79.15729382927177,70.14697641591604,70.4883670749339,24.428974480366584
2024-01-17 10:00:00,86.24996240770726,67.50144013111701,74.49762452098858,27.36488393357062
2024-01-17 11:00:00,87.65412173947648,68.11938543492667,72.93977603702645,14.57870253201636
2024-01-17 12:00:00,89.71859860200752,79.32542952729503,73.23674304754665,43.51152790048685
2024-01-17 13:00:00,95.0,75.94925845406922,72.37491941128127,44.25597941489736
2024-01-17 14:00:00,95.0,77.77878673451099,71.89051882598328,61.076256380751246
2024-01-17 15:00:00,95.0,83.53967402177119,67.76934621201873,61.318157971401
2024-01-17 16:00:00,95.0,81.5893249488369,71.77717509578258,73.8105836618861
2024-01-17 17:00:00,95.0,80.97235808707202,71.281968881294,74.94556592719744
2024-01-17 18:00:00,95.0,85.12549916778573,67.79717089281633,86.75056816315515
2024-01-17 19:00:00,90.2349029688237,75.13555280326473,67.58438448697136,83.15577987681428
2024-01-17 20:00:00,78.10243444670462,77.80336165408498,64.16907386290032,79.21667802845677
2024-01-17 21:00:00,73.11424966173749,72.80387268285932,67.99680346173989,97.1572525522471
2024-01-17 22:00:00,54.3091360489862,70.87522128103421,68.04689266120606,83.09305909177229
2024-01-17 23:00:00,49.28810257489355,72.0914608599584,66.9173246141183,75.80315880363173
2024-01-18 00:00:00,42.31720691109759,66.64255488791649,69.62682098457817,54.7895646676933
2024-01-18 01:00:00,37.9311780189162,64.68766963163263,67.22342201987729,47.45811041336732
2024-01-18 02:00:00,34.921041338881714,64.72591876773582,69.67881502639038,52.341723857134824
2024-01-18 03:00:00,24.376789540810655,59.43933592943304,67.27052371111772,43.39959822907029
2024-01-18 04:00:00,23.692396094759157,57.70062496623696,70.0759115712674,30.08701947993347
2024-01-18 05:00:00,41.74736795811501,57.44936971060177,70.58747084172413,29.914658161300054
2024-01-18 06:00:00,43.37729881243606,55.70853333688475,72.14704441551045,36.7282533108156
2024-01-18 07:00:00,46.25756731721723,69.39021230811423,71.61540140652785,26.58544500773034
2024-01-18 08:00:00,67.40299807351178,62.00783522029527,72.60497228985125,10.871931921978094
2024-01-18 09:00:00,70.57837317146429,67.09031058297937,74.85641944079784,20.1301545941844
2024-01-18 10:00:00,86.24924772441996,69.53662359239674,72.46972549377755,17.579506039646358
2024-01-18 11:00:00,90.33759240705055,73.90227562381759,70.06458359485018,25.68519723313509
2024-01-18 12:00:00,95.0,77.86387830428455,76.51391068643083,31.69107467496286
2024-01-18 13:00:00,95.0,80.09395653091296,75.33760151681363,38.41426398609234
2024-01-18 14:00:00,95.0,77.3772915634074,69.40555397486813,39.95891702421284
2024-01-18 15:00:00,95.0,79.64896455010289,72.68265846008367,56.743333900930104
2024-01-18 16:00:00,95.0,81.3636128673379,69.55754252238938,60.51513890522152
2024-01-18 17:00:00,95.0,79.45385948751465,70.35071570805297,47.777613915578286
2024-01-18 18:00:00,93.45965394456138,84.04776695638054,69.72535301993175,92.40453830954647
2024-01-18 19:00:00,93.43025729999219,79.134270444558,68.08347516691883,87.68793202240542
2024-01-18 20:00:00,85.64488423834878,77.81971272322882,66.54470991779135,76.98959420060004
2024-01-18 21:00:00,61.20630256788443,75.2167152094084,66.46816422602407,79.12832718659683
2024-01-18 22:00:00,53.7309456325703,74.18510411213852,65.95134632776768,66.60752733499267
2024-01-18 23:00:00,39.80383911119951,68.64435835207003,66.25901461260842,84.77898645808335
2024-01-19 00:00:00,40.36869458031531,61.82378987041817,68.12471006569083,80.17830955818488
2024-01-19 01:00:00,38.94669512760226,64.86708334497975,67.34100888456805,59.018121179047824
2024-01-19 02:00:00,38.87475220891741,60.14956416966901,70.7946596869808,58.188245153482754
2024-01-19 03:00:00,30.370473902098876,59.54358216805053,73.16529708012618,43.63772287839576
2024-01-19 04:00:00,39.506044676293726,62.572584119757344,69.84386177122816,24.306196488992555
2024-01-19 05:00:00,28.458476557548,64.89388460220387,72.29594073955293,25.492209612694314
2024-01-19 06:00:00,33.19881655576232,62.266655930459045,73.57675117298682,25.074661620642495
2024-01-19 07:00:00,49.722261505516904,64.74332805132823,74.1794121869855,17.385843461380396
2024-01-19 08:00:00,61.56756544059571,71.01934324660412,73.90078039797913,18.25077378051971
2024-01-19 09:00:00,69.83652625952953,69.0715690874405,75.57064231558664,20.291028751255034
2024-01-19 10:00:00,70.01555130390145,78.76735092984276,75.18870425456767,23.37220990354315
2024-01-19 11:00:00,89.55439980243605,75.27182256252303,71.68336533262531,29.204864488383443
2024-01-19 12:00:00,91.76192374493763,70.7296164844373,75.63400738775091,26.515159468827193
2024-01-19 13:00:00,95.0,80.36779902438543,75.23022741491852,36.49929945390089
2024-01-19 14:00:00,95.0,80.86523712900065,71.34445953767458,39.723325874400246
2024-01-19 15:00:00,95.0,84.61482604894844,72.26007090144087,65.58709575056523
2024-01-19 16:00:00,95.0,83.130655164921,72.81110243006658,48.1548244652774
2024-01-19 17:00:00,95.0,80.37980300935206,70.2860660191845,80.44192618213182
2024-01-19 18:00:00,95.0,76.14807361469056,72.16381323838917,87.07155729163591
2024-01-19 19:00:00,94.77571160250619,77.62951391302327,74.16098813774256,76.56033009281109
2024-01-19 20:00:00,75.42413157242312,73.65875609768955,67.42122156464657,59.17490329738161
2024-01-19 21:00:00,72.52023257758923,72.08173914923009,65.96810950530143,76.08729029293373
2024-01-19 22:00:00,56.995950104036964,73.02565584818247,69.27231973089229,75.4672888232226
2024-01-19 23:00:00,46.03563583868829,73.70624528425124,70.24673642027398,63.12841767616512
2024-01-20 00:00:00,26.18057695276531,67.49353839899275,68.67828627905239,40.87825284953404
2024-01-20 01:00:00,20.0,60.675608398854365,72.56000257038401,50.006132943982436
2024-01-20 02:00:00,20.0,64.03268095094302,67.63429633706144,35.319417298413924
2024-01-20 03:00:00,20.0,65.31456476847484,72.45759439646993,14.838915731899569
2024-01-20 04:00:00,26.186592613019215,59.57938144577201,70.67319899340285,10.0
2024-01-20 05:00:00,20.535301608481102,61.372221983122316,76.13683993184915,10.0
2024-01-20 06:00:00,23.21710121257517,62.842143879676534,77.44336403966958,10.0
2024-01-20 07:00:00,36.06989955367111,62.05737216952273,72.58304685053264,10.0
2024-01-20 08:00:00,44.085597947445024,68.45277780946809,73.53070797128218,10.0
2024-01-20 09:00:00,53.89515200233389,68.58170319838955,76.68540563377918,10.0
2024-01-20 10:00:00,68.42359530431794,72.81613701426076,74.33089743057971,19.500470206948677
2024-01-20 11:00:00,78.78753855023652,71.50805518746017,74.9488201223678,15.310804743957679
2024-01-20 12:00:00,80.63176550940926,75.29476795617263,74.82742448100957,14.615291941353819
2024-01-20 13:00:00,86.76192494815415,80.87015632979323,70.49725180894211,20.77022487849802
2024-01-20 14:00:00,92.2617745658045,79.1985006133151,73.72430863479565,27.14661492656103
2024-01-20 15:00:00,83.49039417632207,86.52169743563853,71.6856920633697,47.20969865269278
2024-01-20 16:00:00,86.06107774056997,80.5074406495054,71.33915118059728,39.98149243238958
2024-01-20 17:00:00,95.0,82.06446323379714,74.47291004623324,51.574985107596284
2024-01-20 18:00:00,91.50910981496833,83.21397891441603,68.38579573525101,56.390345328581844
2024-01-20 19:00:00,73.75481980221811,74.59672458132036,71.94060590295219,54.963501246179796
2024-01-20 20:00:00,68.23554661937968,71.52312911961323,69.3162201502053,49.020275616927194
2024-01-20 21:00:00,56.55625077271768,69.84157865017207,69.05163075556969,61.561570817613394
2024-01-20 22:00:00,60.041642238175356,75.64291104044028,71.12637871273834,55.492730338690095
2024-01-20 23:00:00,40.5978745571729,67.63619542875776,70.36466638011184,55.21512719108898
2024-01-21 00:00:00,26.076140795134265,74.57935976176665,71.16219740213337,40.73119754848665
2024-01-21 01:00:00,20.0,63.16575288422585,72.47080294576006,47.53114174358001
2024-01-21 02:00:00,20.0,63.8477649511118,70.52984355109368,22.985809750305236
2024-01-21 03:00:00,20.0,66.94623826147962,70.7282360623436,35.93175091906751
2024-01-21 04:00:00,20.0,68.02224691844562,70.59557196275742,10.0
2024-01-21 05:00:00,20.0,68.55402230828835,71.92821544042903,12.264957080858704
2024-01-21 06:00:00,23.482864331325466,67.01841608250648,80.23747456490317,10.0
2024-01-21 07:00:00,29.592259981928024,68.07949278144193,77.48667156852528,10.0
2024-01-21 08:00:00,53.082946371262,68.88075545077815,72.80862589163569,10.0
2024-01-21 09:00:00,59.408198784747256,71.87486896795089,73.20226632728482,11.25837456940922
2024-01-21 10:00:00,65.31289859751773,70.49922062879217,76.9498432345481,10.0
2024-01-21 11:00:00,82.39972069445012,72.31117316583766,77.01512453394061,12.808755024330093
2024-01-21 12:00:00,83.67111278569999,77.1922575801481,76.75536769151185,10.0
2024-01-21 13:00:00,85.33459514473623,78.78769648397324,74.7076389151824,14.510110218738712
2024-01-21 14:00:00,95.0,79.55255401684668,74.38202798793071,43.03333091920756
2024-01-21 15:00:00,95.0,84.02520631954654,74.60185904076914,33.11031508593919
2024-01-21 16:00:00,88.45080227993044,85.16750292729884,73.37813521893587,35.60896028472822
2024-01-21 17:00:00,88.68932276095951,82.25086781065512,68.02799767475292,49.62970160371897
2024-01-21 18:00:00,78.90617998053811,85.44403475720065,71.32016264361151,72.52401281884158
2024-01-21 19:00:00,68.08600134517832,76.02199253295703,69.49233504188798,44.32431681102384
2024-01-21 20:00:00,69.98364954175905,76.81981527295449,71.10552122963831,51.589520706885246
2024-01-21 21:00:00,64.54708320235065,72.86331872731203,76.46262147872056,70.95722825410905
2024-01-21 22:00:00,37.65440032680346,66.85078697417764,71.1615506325359,70.84238086183503
2024-01-21 23:00:00,37.81484618345287,69.6389659041451,69.93845679958166,50.38575364127416
2024-01-22 00:00:00,38.462515906928964,67.13475747485015,72.74552679260118,55.08757837978685
2024-01-22 01:00:00,32.92335692979897,69.9940830051625,72.38076178006513,74.53131936754889
2024-01-22 02:00:00,28.400997327242923,65.78178419042312,72.91360167931637,62.755539133993565
2024-01-22 03:00:00,25.68004615160092,59.84258602602647,74.04736309874282,47.66700454902223
2024-01-22 04:00:00,31.6055750881614,68.16148404820892,77.75991252648447,28.50078120850064
2024-01-22 05:00:00,31.204233266567268,66.62785076019331,72.19821201068748,28.39456183769928
2024-01-22 06:00:00,43.06801288143729,65.73484859637098,76.16750224886101,22.736357238108194
2024-01-22 07:00:00,49.748809452754315,64.92309100269614,74.02550252804102,23.66903564825257
2024-01-22 08:00:00,58.45249796156712,64.82009498824226,77.50275229768862,31.60801150505069
2024-01-22 09:00:00,65.462181689792,69.0184035064759,74.89076159875215,28.057561540427173
2024-01-22 10:00:00,77.46890515125916,76.01426173212843,76.03232986485332,15.400229270588778
2024-01-22 11:00:00,93.77695612912878,81.0147668291465,76.21136749166124,39.79876816455988
2024-01-22 12:00:00,95.0,82.42734963243562,78.49018584051892,37.50505712010524
2024-01-22 13:00:00,95.0,78.42694018142728,77.93541177112702,47.731955013795705
2024-01-22 14:00:00,95.0,78.14862396019957,73.02245413599611,61.732326874228825
2024-01-22 15:00:00,95.0,82.95394081314811,74.93692059540251,48.871929356967215
2024-01-22 16:00:00,95.0,77.59150730013684,72.66814187780325,64.7133953703483
2024-01-22 17:00:00,95.0,83.55038838957202,70.8305409798497,66.96156702472271
2024-01-22 18:00:00,94.97115245273267,81.16387485037694,72.22668018486554,63.43788671060951
2024-01-22 19:00:00,92.8529933429658,78.6441884649909,71.45913471444935,81.75145460951141
2024-01-22 20:00:00,76.53646602138825,73.21192254423136,76.48948374546471,100.0
2024-01-22 21:00:00,60.9755894966774,77.14982410406769,72.23897550518754,64.25715283262603
2024-01-22 22:00:00,51.509526006483355,71.44753240164918,68.5523046810312,75.7225172251374
2024-01-22 23:00:00,50.240424733306924,66.97249554978043,70.31692054453694,76.33754691619461
2024-01-23 00:00:00,43.01434126114551,59.478451455393156,73.82564276045787,65.98462561324943
2024-01-23 01:00:00,30.83740072310041,65.9664271555223,76.47322393233894,56.8595469329497
2024-01-23 02:00:00,34.55592924232414,69.80134202200611,69.78239845488916,39.6062690924334
2024-01-23 03:00:00,21.6923996886552,68.4941622378958,69.95476552298578,44.09772259044568
2024-01-23 04:00:00,31.032567955200687,61.82315567468563,78.26970812852133,28.94588818387259
2024-01-23 05:00:00,29.303902849810175,61.75335158777,76.1201696170335,11.267422924575147
2024-01-23 06:00:00,38.4565482135273,65.9901163494283,74.36460501243775,33.57597565057669
2024-01-23 07:00:00,50.23699335658207,63.20262507691885,77.82847534120134,28.68931177006429
2024-01-23 08:00:00,55.34517136947941,69.1990264931092,72.00118390792274,20.413287814808637
2024-01-23 09:00:00,68.07722227885087,73.02850276508124,77.61583801587103,22.85482271697357
2024-01-23 10:00:00,85.38422585017302,77.0240536399069,78.40365821870205,32.613781988191334
2024-01-23 11:00:00,87.11554065238425,75.65578377714091,79.53103998016509,30.58151381862824
2024-01-23 12:00:00,95.0,77.78183589232624,75.39171287819681,42.23214043809052
2024-01-23 13:00:00,95.0,77.85477878175453,77.15082958700128,39.85557103993357
2024-01-23 14:00:00,95.0,79.62207329318512,74.54399201772209,60.49586990859157
2024-01-23 15:00:00,95.0,82.447083491948,76.21877226570382,60.33085716053709
2024-01-23 16:00:00,95.0,84.59416001251203,73.17756132352793,66.552415548847
2024-01-23 17:00:00,95.0,85.91687722095551,73.41230150383231,61.052714725900174
2024-01-23 18:00:00,95.0,79.79238385247002,71.55003587708622,78.27640894794683
2024-01-23 19:00:00,88.98477306978504,85.1156017727123,74.25932515596068,72.32213544871644
2024-01-23 20:00:00,82.20849117095739,77.77789903814212,74.23390538703939,74.89373818777204
2024-01-23 21:00:00,66.9800740664209,76.14015999655133,71.7847670955037,72.45476976214309
2024-01-23 22:00:00,60.08018713326367,71.39923797842954,72.26496805341212,67.45088265833937
2024-01-23 23:00:00,49.22161382303962,63.80476337133057,69.43023810456411,88.21137465973212
2024-01-24 00:00:00,47.55463906083713,71.34261237955934,72.06447525453787,75.65071249590721
2024-01-24 01:00:00,36.631088065128516,68.85474165718959,73.07688153346798,73.12751137022971
2024-01-24 02:00:00,33.05098025881328,64.23584265588035,79.07690364237742,40.21683984355548
2024-01-24 03:00:00,27.940615169387662,64.30659484116488,72.37163262266792,42.805458646211505
2024-01-24 04:00:00,28.9249358280748,65.33750019279485,78.33708463623502,24.651938998367235
2024-01-24 05:00:00,33.196192909524356,59.467588293433806,78.2156111901757,23.221237546827062
2024-01-24 06:00:00,43.687989464429585,63.59187364440244,77.54341566612314,16.67422201913424
2024-01-24 07:00:00,47.895077595898684,69.17581352858731,81.15741051829912,30.938897262860444
2024-01-24 08:00:00,61.09611248038124,65.12602061938114,78.8978427121226,16.83016257518592
2024-01-24 09:00:00,80.37700399322719,72.20617382166516,79.26835777496495,29.569259880880082
2024-01-24 10:00:00,84.70838532125929,69.86874664962184,78.52272694793317,28.852205003174987
2024-01-24 11:00:00,88.3698823391608,77.95077404911943,81.01058984687906,47.21590658124189
2024-01-24 12:00:00,95.0,78.88117079120279,80.49339563135604,23.164446214882208
2024-01-24 13:00:00,95.0,76.23856918954577,76.60905307015453,52.309294565218764
2024-01-24 14:00:00,95.0,86.1921705139143,74.63729926159611,59.17152696320582
2024-01-24 15:00:00,95.0,81.51798353249654,76.18299586051626,49.977540648859346
2024-01-24 16:00:00,95.0,81.65654427625844,74.24912922041106,73.05706669178528
2024-01-24 17:00:00,95.0,84.3730690291867,74.98240641387441,73.90236313980625
2024-01-24 18:00:00,95.0,86.24307084803529,76.89749531698733,74.1609520339059
2024-01-24 19:00:00,95.0,78.18530870413665,72.92340174309217,72.38629089289606
2024-01-24 20:00:00,81.98739867292166,79.37154748605185,73.31230877205527,74.24712438840652
2024-01-24 21:00:00,68.90449735595568,78.08594947582645,73.2510060859877,95.37627155495946
2024-01-24 22:00:00,63.79426610181662,76.31542793290055,74.76630620885501,75.98622466519302
2024-01-24 23:00:00,38.94432345496059,72.20204691321916,68.71459464681438,77.4702434478481
2024-01-25 00:00:00,42.893801543080926,68.18463076846432,72.33138034197323,58.67280494665956
2024-01-25 01:00:00,39.21330981805728,64.75667739920424,74.4808105330628,51.52574778330251
2024-01-25 02:00:00,23.97003571953806,65.9334950716122,77.11642775412358,58.65587847399953
2024-01-25 03:00:00,35.71877021603464,61.48444374877154,74.49271416015621,31.43881895451211
2024-01-25 04:00:00,33.05544898590934,55.62086918443681,72.5365771275988,31.67828985675783
2024-01-25 05:00:00,33.282544279118454,66.06014337180454,78.34226891612873,29.059015852981428
2024-01-25 06:00:00,44.87963808306952,68.48607429493802,76.59237046044399,24.910218701187258
2024-01-25 07:00:00,61.35346428902198,60.2994602783344,76.14178861268051,19.5894789311987
2024-01-25 08:00:00,60.556569471191644,66.45493486999717,77.7858933684348,23.166558248767384
2024-01-25 09:00:00,71.24110293150169,73.77820090341895,79.0019410492698,26.565071257870443
2024-01-25 10:00:00,78.0559573063996,80.70621656786525,78.30043130584421,29.896338250141483
2024-01-25 11:00:00,85.75077815267605,77.20910332008319,75.03327234879605,20.900366095060964
2024-01-25 12:00:00,95.0,77.39932450964592,80.97554193846092,32.726759216569626
2024-01-25 13:00:00,95.0,81.13051340918588,81.29111010865677,51.79353154193988
2024-01-25 14:00:00,95.0,87.41781980322544,79.45979001442504,57.157177500590976
2024-01-25 15:00:00,95.0,82.37910382075519,75.19453817541032,46.78169574122711
2024-01-25 16:00:00,95.0,82.28496366258892,76.3271756622637,67.81183920281761
2024-01-25 17:00:00,95.0,82.91836896618585,75.9773653135986,55.38740144059794
2024-01-25 18:00:00,95.0,80.53241107021111,76.50116020769525,76.35624133001612
2024-01-25 19:00:00,87.44991800572626,82.1960232042943,76.05563841165429,94.15991092263987
2024-01-25 20:00:00,79.00338712763399,84.6557814071547,72.81056031807383,72.4168582618481
2024-01-25 21:00:00,65.10618142108846,78.36397588942091,74.1799041101504,72.3031904247394
2024-01-25 22:00:00,57.425771895518615,74.07428869997034,74.8649576346273,82.09300036611603
2024-01-25 23:00:00,51.886502465224275,71.39252653587896,77.0009703400295,58.870791313919256
2024-01-26 00:00:00,45.500671835764855,65.19137995486241,75.83474639210564,59.937959760919675
2024-01-26 01:00:00,30.748157227734325,70.48401548782996,76.51730890420727,62.536100453729645
2024-01-26 02:00:00,35.71099654896557,66.03678992667277,75.76487547808095,44.925713218484766
2024-01-26 03:00:00,36.778189294024756,64.75465913919457,79.17838972652801,40.3476687492366
2024-01-26 04:00:00,33.430141464555774,74.55948143369332,77.99016051255391,40.953485682520274
2024-01-26 05:00:00,44.74296291141279,66.24196077966668,76.26162258480169,32.15916523269606
2024-01-26 06:00:00,37.846782757020236,64.11413471663197,81.550787559298,26.153785056830056
2024-01-26 07:00:00,43.776726483442914,66.70442289158139,80.79788085689168,18.30924697716764
2024-01-26 08:00:00,50.75363695137778,73.52470220695534,79.02944848655667,22.960488922151644
2024-01-26 09:00:00,77.48022155744592,72.85578744725476,79.29295821073539,20.032363770529898
2024-01-26 10:00:00,83.6245900858711,70.81413431901615,80.98402410615454,27.68168276587312
2024-01-26 11:00:00,89.72207664544773,80.49964709602065,81.25172643448174,24.811340363459752
2024-01-26 12:00:00,95.0,78.17413917195445,80.45694645690145,33.53944820496367
2024-01-26 13:00:00,95.0,87.89433415639112,80.24492975393748,34.315766306508266
2024-01-26 14:00:00,95.0,87.12857283816294,82.43761316185117,49.71993911995011
2024-01-26 15:00:00,95.0,83.57026876639063,80.4939482016821,51.276564444044865
2024-01-26 16:00:00,95.0,89.12082686298311,77.99238229364116,56.087628398704055
2024-01-26 17:00:00,95.0,85.16540415955227,78.75398148654487,73.28249261843953
2024-01-26 18:00:00,95.0,86.54595601559198,74.11947600246873,77.68268032039444
2024-01-26 19:00:00,91.11942012139566,83.87744880343145,76.39576391506412,85.24076466826062
2024-01-26 20:00:00,76.40038952687428,77.8379141620115,78.77847299604942,76.5509954433992
2024-01-26 21:00:00,72.35734178567998,76.05932666835854,74.46077358749092,82.24219756336609
2024-01-26 22:00:00,69.05736067827434,78.51646975433079,73.13608134911104,80.38714269172246
2024-01-26 23:00:00,56.7271002307749,71.85887244154405,73.66610029950222,74.77139389824919
2024-01-27 00:00:00,34.68166188573508,69.26524508646449,73.1274196187238,38.39477053758285
2024-01-27 01:00:00,20.0,65.56455651357852,74.2506240941532,38.95947921124514
2024-01-27 02:00:00,20.0,68.13633680972964,75.73715840599455,32.913122368437286
2024-01-27 03:00:00,20.0,72.07891173293399,74.4272897787161,22.292856382187903
2024-01-27 04:00:00,20.0,62.372798082634006,78.08282396948651,10.0
2024-01-27 05:00:00,25.8299414409772,66.01359851982599,80.66930513367451,10.070713556191414
2024-01-27 06:00:00,20.0,71.20140762840191,77.80948763970616,21.719486201644777
2024-01-27 07:00:00,42.64775159730307,68.33980960169896,83.32159454004953,10.0
2024-01-27 08:00:00,43.85719870300422,72.03171856335238,81.8180730868212,10.0
2024-01-27 09:00:00,52.8655946502629,69.9240337264389,83.19405769773438,10.0
2024-01-27 10:00:00,60.29223992779998,77.0091276408293,79.95615628912111,10.0
2024-01-27 11:00:00,66.72571664067115,77.7757655925195,82.91535967903218,18.32867788773489
2024-01-27 12:00:00,87.40012416727147,83.7309995108491,78.7594465058008,10.0
2024-01-27 13:00:00,90.00760598731956,86.43183707767085,82.2837597896771,28.086470667524317
2024-01-27 14:00:00,87.18722855285745,92.0,80.26232947323786,34.72337649001171
2024-01-27 15:00:00,88.52460613968192,87.24637206824569,80.33831671813428,36.62739905755126
2024-01-27 16:00:00,91.95810955511209,86.85040482276237,76.14087428081379,47.70949854337352
2024-01-27 17:00:00,95.0,86.14022862794015,75.96217302140907,59.448863288383286
2024-01-27 18:00:00,81.98631449064388,83.52337420703137,78.25993262698296,62.95928515376076
2024-01-27 19:00:00,67.48428523440947,84.03393997717119,74.5841661876745,49.83362029208222
2024-01-27 20:00:00,64.12404648367111,80.08601799180514,76.96722526173382,66.56126549404388
2024-01-27 21:00:00,53.63638215126165,79.09059718935787,73.04354214630754,58.4602659484119
2024-01-27 22:00:00,31.162804981191314,79.97461800364927,77.40865001263494,56.56375489765728
2024-01-27 23:00:00,34.728525667410956,70.43880883726285,73.38618382810371,51.79877936360998
2024-01-28 00:00:00,25.561056101494707,74.49106425481571,77.29223794972002,43.79805608961391
2024-01-28 01:00:00,23.840015672689542,72.97650754888427,77.95236215865299,47.29823132993214
2024-01-28 02:00:00,25.607747423163993,67.10657212721412,75.96558334726784,29.330256321206296
2024-01-28 03:00:00,20.632825147738785,60.12101037341686,79.28342933219523,13.27905961985902
2024-01-28 04:00:00,20.0,64.34716895935162,79.4534242092068,11.851761152242169
2024-01-28 05:00:00,20.0,70.42716188472914,78.66801945466811,10.216354298887378
2024-01-28 06:00:00,39.5825277687874,67.49137987049707,78.48884301279996,13.852956160843243
2024-01-28 07:00:00,35.29609217007244,66.17606517378948,77.23872769037322,10.0
2024-01-28 08:00:00,44.7168846554639,69.75551650615661,82.37674138531779,10.0
2024-01-28 09:00:00,54.87937456444998,76.2283124856313,78.88424336471454,20.903744544759082
2024-01-28 10:00:00,66.3431856079401,77.95964514904858,82.34346617666039,10.0
2024-01-28 11:00:00,74.27819794038028,78.21564018526216,81.56036517368683,18.989922468395697
2024-01-28 12:00:00,80.41596121306073,80.26857438360356,83.18255223842019,13.786284531382167
2024-01-28 13:00:00,86.90672144517558,82.2896425710832,80.78012616997674,26.502302604567973
2024-01-28 14:00:00,93.47326670048274,82.31167427799967,80.140707601909,36.71574803614724
2024-01-28 15:00:00,92.28287614433117,90.94883771225139,81.57650806769368,47.51012904710967
2024-01-28 16:00:00,90.0728041381769,85.50129256061996,80.0431319311841,53.4589464430258
2024-01-28 17:00:00,90.17316728983704,89.80378938092274,79.26557700128022,58.19077943618025
2024-01-28 18:00:00,82.00938516035762,89.74205933646887,78.88496375104562,53.46006826398029
2024-01-28 19:00:00,82.51996494291345,86.60865923646809,74.29067033066107,54.40380645302356
2024-01-28 20:00:00,52.09791276213578,80.27259937930617,78.43534241846191,62.66086008259358
2024-01-28 21:00:00,60.45753425961231,80.39164262679694,77.88370772820763,66.44279936740061
2024-01-28 22:00:00,50.87766415838732,76.54447667289075,74.55988771110098,54.1989965073203
2024-01-28 23:00:00,24.633048837959265,71.34256904614948,76.2440218912447,59.734579161311515
2024-01-29 00:00:00,40.002290782136356,72.63974451183147,76.9899758800581,76.62093396388943
2024-01-29 01:00:00,33.501779518643495,66.08328106862336,77.3130591035099,50.434004000488265
2024-01-29 02:00:00,24.32540847484816,71.61905396881016,78.90779929821643,43.30463436962975
2024-01-29 03:00:00,26.110916562045624,65.68796127378556,81.86306214264053,41.11242817568168
2024-01-29 04:00:00,25.810087721108125,67.36935198349153,81.97702551883772,37.46090134551357
2024-01-29 05:00:00,44.120336065740574,67.98127995492234,78.00221716114318,24.590260454267167
2024-01-29 06:00:00,46.3941207182754,67.37850723151958,82.63104474251686,34.83685931740399
2024-01-29 07:00:00,56.35777547497079,71.52929137033811,84.70279809374158,24.414760103475558
2024-01-29 08:00:00,63.25559851611535,70.44036839521179,83.33201071304919,20.315576385925915
2024-01-29 09:00:00,64.35474114391386,76.91558239372748,85.07676213876296,10.0
2024-01-29 10:00:00,77.73016047270195,72.87674349894229,87.05827105013168,13.492711355046787
2024-01-29 11:00:00,92.4468728061396,79.90681331664858,85.01563307901766,31.03487056665803
2024-01-29 12:00:00,92.17363220300217,87.78107271146057,83.20383625977964,17.93923499076131
2024-01-29 13:00:00,95.0,81.05916113963606,84.35534649807835,50.33652792407695
2024-01-29 14:00:00,95.0,83.64090801515871,81.97033122174933,48.73476924502144
2024-01-29 15:00:00,95.0,88.23967228805792,81.04152512663937,83.70931510983348
2024-01-29 16:00:00,95.0,87.60223740931086,79.55113978254079,83.46333000492888
2024-01-29 17:00:00,95.0,87.79944221150501,82.64104418553126,69.76161088161629
2024-01-29 18:00:00,95.0,87.24091066638262,77.19052362049695,75.13006609328264
2024-01-29 19:00:00,95.0,86.1131290429476,81.3075024073839,86.94242690068829
2024-01-29 20:00:00,74.94744516610135,85.49179793856707,78.80244568692108,93.6253808793443
2024-01-29 21:00:00,73.07967803472133,81.00514642181075,74.74111017152892,65.87354232918392
2024-01-29 22:00:00,62.61274448574109,76.48852862344596,78.2095049351892,61.689758390695665
2024-01-29 23:00:00,48.45226780343006,76.66663382718616,73.41308220424223,66.23692499116137
2024-01-30 00:00:00,43.34639386374869,77.9615505665904,79.2005588699278,69.6619006653909
2024-01-30 01:00:00,29.103415966695934,69.81773729819317,80.23346801924373,61.7395600771364
2024-01-30 02:00:00,35.98310204447177,65.72766598465164,77.93631983472764,58.55817163987079
2024-01-30 03:00:00,29.075489317785056,70.99829326877975,80.1283763518417,32.6378484200019
2024-01-30 04:00:00,79.7011993689168,66.99996761925031,84.60275931194502,16.470849096248987
2024-01-30 05:00:00,40.6040299778069,61.2086457974799,80.49611452043449,35.65091012682073
2024-01-30 06:00:00,38.1940102998243,71.29272527932116,80.15004196874393,17.393667702744963
2024-01-30 07:00:00,42.957693518182204,68.75846350328862,85.88921064054834,10.0
2024-01-30 08:00:00,51.86409232827965,72.18871761340498,87.36452043368476,21.160509967675054
2024-01-30 09:00:00,73.0300497567282,75.89286958830088,83.7831450130391,27.36763071707737
2024-01-30 10:00:00,73.95061504161941,78.08141967425783,85.93760861049925,23.042780829496625
2024-01-30 11:00:00,95.0,82.25126812466456,86.53211819881784,25.124009474943662
2024-01-30 12:00:00,87.87462420804329,81.25306469781428,82.1012029843718,33.725102142832746
2024-01-30 13:00:00,95.0,86.19471060321912,82.1755102601255,39.27076654771811
2024-01-30 14:00:00,95.0,85.49074098921962,85.02325696281741,39.21562310447867
2024-01-30 15:00:00,95.0,89.50961827698177,85.24469997843887,52.04712593715217
2024-01-30 16:00:00,95.0,89.50483261076931,82.26068235526934,69.17023924011052
2024-01-30 17:00:00,95.0,84.53647390278864,78.63554114181531,73.78663176660842
2024-01-30 18:00:00,95.0,89.6265337197028,83.68245555673222,77.32524056126772
2024-01-30 19:00:00,95.0,83.19631239715825,78.06177754335611,71.01658693384502
2024-01-30 20:00:00,80.92390004741104,85.18210990277994,78.0133942580498,78.54797470291466
2024-01-30 21:00:00,70.75150880730939,81.47279048646733,79.10535057106442,61.56125441712921
2024-01-30 22:00:00,57.82917713482989,83.32209071292505,81.46347957158828,77.40857542461627
2024-01-30 23:00:00,49.71527188139468,74.57375287170049,80.2020395536023,82.64406509810496
2024-01-31 00:00:00,43.254737596998396,71.80919246878827,79.66022621794194,53.20694294366314
2024-01-31 01:00:00,26.808141885339325,70.75261781491577,80.27053449445434,53.07714996653358
2024-01-31 02:00:00,24.6220398379087,68.33695264539881,80.08901346427106,52.63285422968103
2024-01-31 03:00:00,33.71632047011357,70.67211506198308,81.87851236991993,52.258169722344235
2024-01-31 04:00:00,32.21729413907698,63.10741738103944,76.51627667000821,31.414203069598805
2024-01-31 05:00:00,34.43906716685906,65.16084527332104,81.79534539177115,23.248793930276403
2024-01-31 06:00:00,41.80789841786506,66.14228957837042,83.63145339364308,10.0
2024-01-31 07:00:00,51.737908526808354,73.81060893230922,81.5048080493365,21.849730245792802
2024-01-31 08:00:00,56.94843979435236,78.18739567330134,85.09294506919866,36.33660832114995
2024-01-31 09:00:00,66.10847637298843,75.17881903621951,84.24776360832354,23.241092907045356
2024-01-31 10:00:00,81.33198807958922,77.5986935605887,88.30658631726591,23.841006052997137
2024-01-31 11:00:00,85.10813611192484,80.92830725782507,87.87615819913817,31.36345505053946
2024-01-31 12:00:00,95.0,86.64039681258647,83.53551269216462,34.911263968411184
2024-01-31 13:00:00,95.0,82.46857190135725,83.72539888868023,35.731313668843335
2024-01-31 14:00:00,95.0,87.57972606541381,83.29456518624353,56.586239325421644
2024-01-31 15:00:00,95.0,90.81401781890463,81.852304849655,59.57066353796966
2024-01-31 16:00:00,95.0,89.7572507637878,82.40592298392927,65.14090601546926
2024-01-31 17:00:00,95.0,88.50677295395677,79.75955809199662,63.410275217370426
2024-01-31 18:00:00,95.0,89.96696374411724,78.32805504441068,86.40882556901123
2024-01-31 19:00:00,95.0,77.28974394874078,81.25009416773295,84.29539675133692
2024-01-31 20:00:00,71.14839064744261,85.38680056176733,80.82368136978873,75.57663330106158
2024-01-31 21:00:00,63.60211516632149,79.00393959211912,77.69299576371758,86.99237361812754
2024-01-31 22:00:00,56.523145307420776,72.9108790872084,81.02682197263631,72.0001954064515
2024-01-31 23:00:00,50.13045525105418,77.3729967126291,78.11188452311961,64.95717549550812
2024-02-01 00:00:00,44.30402385488371,77.57335658786982,80.21777807424645,58.92237506015769
2024-02-01 01:00:00,31.730264782855123,70.99376918393398,81.86559784039542,43.59602292837089
2024-02-01 02:00:00,32.29680077082266,72.70035373074856,80.81571137852907,53.77233904334564
2024-02-01 03:00:00,26.22308533823339,73.70436222536095,82.55266754611756,27.586269620217568
2024-02-01 04:00:00,28.305377933477526,72.49633066233945,81.42348991857408,25.1724493498739
2024-02-01 05:00:00,28.325678364381346,73.83702421411238,82.87657952400693,12.182092491775308
2024-02-01 06:00:00,37.09956252198358,72.16731891156178,83.61804304300122,23.330680344139694
2024-02-01 07:00:00,43.241576971918334,71.78122516833136,83.19463190444742,19.819661529152974
2024-02-01 08:00:00,54.76787193101251,68.84489621510214,84.84770248829636,17.386430294509086
2024-02-01 09:00:00,75.2682089830392,75.34921732268018,82.44042183352067,12.68160365396334
2024-02-01 10:00:00,75.60576735994111,76.17065703944824,84.69427980730309,14.641367858973723
2024-02-01 11:00:00,95.0,87.82621701621706,85.0413201429215,32.50175547277617
2024-02-01 12:00:00,95.0,83.22234256270299,84.83571670636256,30.5955845463321
2024-02-01 13:00:00,95.0,86.21548381952051,84.42503180102445,44.76629521921353
2024-02-01 14:00:00,95.0,89.11431334056896,84.19988429869244,42.91801051100622
2024-02-01 15:00:00,95.0,88.61447036391282,84.59545921909874,59.213073295244286
2024-02-01 16:00:00,95.0,92.0,84.64585954509043,75.42622429852851
2024-02-01 17:00:00,95.0,86.66531811419527,80.85754415702765,75.90252983873869
2024-02-01 18:00:00,95.0,88.14288592736563,79.06383638445982,72.68145156780132
2024-02-01 19:00:00,89.51970050137675,83.76726716588244,78.8015352763986,81.03536655151947
2024-02-01 20:00:00,86.09912843552921,79.98834516475058,79.47116873990763,78.0746786037583
2024-02-01 21:00:00,66.48411787437057,79.72609746402364,79.47873702835692,79.04081626622988
2024-02-01 22:00:00,59.472295743414364,78.88690548187064,78.57707135966858,73.37587369634514
2024-02-01 23:00:00,58.854003178177564,75.14672033574047,77.66375903390286,69.89852178851329
2024-02-02 00:00:00,38.58089346359926,71.97035610799749,79.6801583241745,66.69674682459339
2024-02-02 01:00:00,44.421226638607095,67.78240043203965,81.46871543635085,49.81770175642002
2024-02-02 02:00:00,34.901726625714645,70.18765146649176,82.95394782056002,41.872969384080164
2024-02-02 03:00:00,27.18766612052866,64.94860442454012,81.40929199657103,31.12708821627468
2024-02-02 04:00:00,34.52500564371487,71.4269932878942,82.51130594301473,22.19783116397032
2024-02-02 05:00:00,40.22175609675611,69.75968798003981,82.29706845412088,19.04853502663974
2024-02-02 06:00:00,44.82477856362408,66.16352003518939,84.84783594496474,25.294937940899874
2024-02-02 07:00:00,42.14887640054772,71.22253511571509,83.87188371009864,13.879925087392877
2024-02-02 08:00:00,56.011552316774825,71.98956252926,87.2284588219627,24.10891571384877
2024-02-02 09:00:00,68.76240682224248,77.64016641356565,82.84687782833232,21.299935201348443
2024-02-02 10:00:00,79.9805946586006,83.31698625870436,85.83828033763476,10.0
2024-02-02 11:00:00,93.10336048775339,76.28310955002449,87.09423818899671,34.02660123817709
2024-02-02 12:00:00,95.0,84.69031633268035,86.5966976249507,41.48638916473368
2024-02-02 13:00:00,95.0,85.96070910770524,91.17504640167937,34.28452724824555
2024-02-02 14:00:00,95.0,90.06911553703705,85.90396512850089,53.361532343159936
2024-02-02 15:00:00,95.0,89.71849100474661,82.50941937019498,50.91258545380203
2024-02-02 16:00:00,95.0,87.18853644922798,83.58684928359962,65.78136301398668
2024-02-02 17:00:00,95.0,88.17134248763686,79.48553432474365,61.0972161799567
2024-02-02 18:00:00,95.0,85.76622408648153,82.18999097759696,61.635910493256546
2024-02-02 19:00:00,92.29590039614219,89.81793843401047,80.10046436783566,75.9152372717683
2024-02-02 20:00:00,80.0019332468076,84.6075857396666,83.15730751437019,79.01016842980131
2024-02-02 21:00:00,61.69519533242004,87.86021488923662,79.96445149575125,75.79633723975522
2024-02-02 22:00:00,61.7953292915621,79.41127152681011,80.76448404142538,66.50851764775268
2024-02-02 23:00:00,51.03843843581557,74.90464480379896,79.86582906054622,68.01401093854733
2024-02-03 00:00:00,28.073622938514966,70.10171396501866,84.95105506378192,47.15435802064586
2024-02-03 01:00:00,20.0,67.18717188952543,81.34432904483945,37.405427112095325
2024-02-03 02:00:00,20.0,66.27979845059946,86.30995535679966,31.4600082447937
2024-02-03 03:00:00,20.26576426666452,70.85938359490567,85.03339400797658,16.874507043290507
2024-02-03 04:00:00,20.0,71.2682385617533,85.18238742292475,24.37374331772928
2024-02-03 05:00:00,23.76648733548558,65.364034710378,85.76888374740292,10.0
2024-02-03 06:00:00,26.857320633190405,73.81652757105063,86.57926126309917,10.0
2024-02-03 07:00:00,35.14878069747873,71.29621728705246,82.59434820074144,10.477353955007642
2024-02-03 08:00:00,49.33865722577916,75.2816488772265,86.40538878813118,10.0
2024-02-03 09:00:00,52.41977635891313,82.11454286231249,88.98987913552156,10.0
2024-02-03 10:00:00,65.83336568880574,82.5813909634696,87.34069769654386,10.0
2024-02-03 11:00:00,72.6886235564748,81.69827311048232,84.56259619795848,17.075497772773623
2024-02-03 12:00:00,81.11179011030032,82.26689951423033,87.00517207210314,10.0
2024-02-03 13:00:00,88.09515553403435,80.58089938565533,90.07814248718174,14.474434563887227
2024-02-03 14:00:00,94.74770190973129,86.4928734451965,88.57910089138691,26.819537876066228
2024-02-03 15:00:00,92.60625689168262,89.04074849878856,85.2744729260993,47.66580141317161
2024-02-03 16:00:00,95.0,87.07814395822898,86.56162871284633,48.038141088327166
2024-02-03 17:00:00,85.16797964028004,89.3299714885979,83.18596533189283,43.46883736751447
2024-02-03 18:00:00,82.3499130266551,88.9800954010064,79.82439968348942,53.498300470453934
2024-02-03 19:00:00,72.80134470862913,86.51058716802855,80.79859688653046,54.06318963590169
2024-02-03 20:00:00,72.58765122586951,83.18888114641851,85.33325688121863,54.32168806213172
2024-02-03 21:00:00,55.98277388255787,83.25784494311588,81.3964982622361,66.80889125712628
2024-02-03 22:00:00,49.806460893242345,81.51431401220029,81.39220029521822,45.00681707942512
2024-02-03 23:00:00,27.572198134815153,74.3539059674399,81.41822073175764,64.08345028147141
2024-02-04 00:00:00,28.050980081884394,79.47089237733405,86.16257792017365,51.62583752147697
2024-02-04 01:00:00,24.807137826739634,72.89606461667856,86.11968478875178,46.49146471790521
2024-02-04 02:00:00,20.0,71.68399324368856,87.96335411768992,26.296483903797927
2024-02-04 03:00:00,20.327401875326757,72.77788500687899,83.96795244389233,21.035902894291493
2024-02-04 04:00:00,20.0,71.03694998109209,85.69045532670054,10.0
2024-02-04 05:00:00,27.40572104955036,73.56225481345223,82.87908473487867,10.0
2024-02-04 06:00:00,38.21021937063435,72.58802321966586,89.6264878998556,10.0
2024-02-04 07:00:00,33.18580719780171,71.50332641341957,84.99508663784917,11.390729705579119
2024-02-04 08:00:00,42.41972558889531,76.52101851212625,88.27765908491033,10.0
2024-02-04 09:00:00,62.2669223855885,74.44194045082232,85.98591051883962,10.0
2024-02-04 10:00:00,73.25062253275439,80.81179022844069,87.14171079096705,10.0
2024-02-04 11:00:00,72.38569986423366,82.99941317750452,86.5794034104186,10.0
2024-02-04 12:00:00,81.18333716198262,84.91136371389666,86.77518283285882,19.7307939340672
2024-02-04 13:00:00,88.232093107075,87.24597115056456,86.47263842932519,16.443505992983503
2024-02-04 14:00:00,86.91478049639134,83.60002436166891,85.86973225141969,28.436877190583807
2024-02-04 15:00:00,90.40674026757901,88.62320258728685,87.94610114934437,34.1489763777806
2024-02-04 16:00:00,88.61632921780239,90.91345533834398,83.3299569535575,38.68529195424261
2024-02-04 17:00:00,85.80202832585691,90.79854966110511,85.24101460760906,51.15684355175199
2024-02-04 18:00:00,83.110846810528,86.26175242459031,86.54901354270636,54.25588548498898
2024-02-04 19:00:00,76.1710736626826,91.57751673128497,82.50208851471515,56.002911730442726
2024-02-04 20:00:00,73.10526426817123,83.13560243948349,81.65259394365941,54.172307026557256
2024-02-04 21:00:00,50.00822979630605,86.255490624034,82.36438755648658,61.5339721549357
2024-02-04 22:00:00,49.56885018828209,82.0653132443452,85.11937105164205,69.20970026147144
2024-02-04 23:00:00,33.93005577887247,76.28165936547512,83.2870647671665,52.332301298309446
2024-02-05 00:00:00,41.46841020427593,81.15926601116186,82.17282853276483,72.96894571928902
2024-02-05 01:00:00,38.73308130945547,70.20615661350001,84.71647264135612,46.64279595184792
2024-02-05 02:00:00,25.749356840625776,74.98014499092213,82.20216173207318,51.262091514350146
2024-02-05 03:00:00,31.912048730920255,74.25022678647635,86.5297142665307,33.456482095155835
2024-02-05 04:00:00,32.19522798950255,68.92067905530975,86.79737334556226,23.18460057974479
2024-02-05 05:00:00,37.8212401686632,75.47547890714357,86.17770527239487,22.87182530473128
2024-02-05 06:00:00,43.16157197207719,71.57174927550162,85.87639983167696,33.55443256177542
2024-02-05 07:00:00,62.276500699554475,74.80195752041854,86.4382362767705,28.622351840685113
2024-02-05 08:00:00,56.45853827464259,76.81271154805968,89.79469501102926,21.9440377764352
2024-02-05 09:00:00,67.34501522499092,78.06543094361076,91.51942896003581,10.0
2024-02-05 10:00:00,95.0,83.51377402582855,87.92578133133924,22.44899267536335
2024-02-05 11:00:00,87.22261440419872,86.07480740633264,90.05165406057336,31.200396635617462
2024-02-05 12:00:00,95.0,80.88535646123783,84.69783169795869,36.404289836628784
2024-02-05 13:00:00,95.0,92.0,87.26260075526112,27.48507997907841
2024-02-05 14:00:00,95.0,84.85333362929292,87.78510435648043,42.87745721584103
2024-02-05 15:00:00,95.0,92.0,85.34101887277247,57.25194923988589
2024-02-05 16:00:00,95.0,92.0,84.54762217105574,69.29032727613752
2024-02-05 17:00:00,95.0,87.64131928970541,84.34532502159593,53.64418086679686
2024-02-05 18:00:00,95.0,88.70757307874253,85.57843307570036,74.6837703096943
2024-02-05 19:00:00,93.16465908877755,85.05851729847116,84.03477558788158,80.12216494770367
2024-02-05 20:00:00,81.36737690835733,85.68460198849887,79.49292163945705,86.7968959081297
2024-02-05 21:00:00,62.42127942501384,83.01825426513464,79.46498888252933,84.52063546257155
2024-02-05 22:00:00,67.38476420254948,83.71794985077628,82.42714266015867,80.6413326640036
2024-02-05 23:00:00,58.979388365477625,82.74650562860346,84.69517505831928,64.81367938198095
2024-02-06 00:00:00,38.65178530011617,80.6156228609413,78.62119981748194,49.73598290301352
2024-02-06 01:00:00,33.42047604894253,72.69580112427263,83.63021136762916,54.620149296584415
2024-02-06 02:00:00,32.79229390206179,72.19025494409664,84.23520269966357,58.01305460166847
2024-02-06 03:00:00,31.672283949935125,66.79340335092265,88.82462318301408,53.38306486711982
2024-02-06 04:00:00,34.65568831180142,69.11016757828921,86.0910674876854,40.684392818382285
2024-02-06 05:00:00,45.410006542454205,74.78787600148105,88.44025256510689,32.22152314681745
2024-02-06 06:00:00,40.83099261506785,77.76387538518127,88.71703808969873,27.056355073554563
2024-02-06 07:00:00,46.00851377730773,70.82806811217729,84.83141754267541,16.573275237241706
2024-02-06 08:00:00,52.75064205582653,74.84959134952544,91.1424271525533,18.95951765157104
2024-02-06 09:00:00,66.3453498002904,78.98437799238371,90.37321334692264,34.3747814179386
2024-02-06 10:00:00,80.18712693973184,82.51707077804612,91.0978864856984,16.478773840131833
2024-02-06 11:00:00,95.0,81.86076878014916,95.0,41.70502689008239
2024-02-06 12:00:00,95.0,87.99837360958276,85.58461223711804,32.42377476406353
2024-02-06 13:00:00,95.0,87.40054183414479,92.76218189705011,52.83888551968501
2024-02-06 14:00:00,95.0,90.39269087600319,88.1532795643739,38.74547992401969
2024-02-06 15:00:00,95.0,92.0,88.61599589649455,62.45180496239281
2024-02-06 16:00:00,95.0,91.84466363482963,87.21056281098483,59.105838912419024
2024-02-06 17:00:00,95.0,90.20029900400938,85.71336384869,59.891065900202925
2024-02-06 18:00:00,95.0,90.20642462606689,84.73533414352248,77.72903445282073
2024-02-06 19:00:00,95.0,88.70578052155105,85.94940347679272,87.0535490974398
2024-02-06 20:00:00,83.7622192522324,85.8145700849568,81.81598909371604,73.24046849125203
2024-02-06 21:00:00,79.23353662868017,83.76120702492867,86.08849990379537,66.98564710500484
2024-02-06 22:00:00,62.56687912252899,86.7701478607205,83.68943658705489,75.24600399885352
2024-02-06 23:00:00,48.20353954606472,81.09357582930645,82.40061558908383,70.51372080537898
2024-02-07 00:00:00,44.66900290599965,76.13736856972204,84.09713616789315,69.38655702043597
2024-02-07 01:00:00,40.90250175153699,77.06840651277784,88.02492253460994,65.36132792399152
2024-02-07 02:00:00,35.46537785442409,72.41170019130028,85.09798061961835,49.52467854982004
2024-02-07 03:00:00,32.53637015553649,75.9583299355835,87.64580724396882,57.079455165278475
2024-02-07 04:00:00,36.696340396383036,73.23194244961016,86.28015094063255,36.79387795628234
2024-02-07 05:00:00,41.20546180085082,72.16665276541409,90.07107067642465,26.015384516348377
2024-02-07 06:00:00,48.62652370772573,74.8555157872055,90.6864916680566,11.126699013644217
2024-02-07 07:00:00,53.24354943794821,70.41372436684966,93.670720549835,18.920949048798608
2024-02-07 08:00:00,58.8116477943149,73.84191981549282,90.13583720924377,17.30890443671091
2024-02-07 09:00:00,70.73356843216662,76.07705833930143,92.16068232647825,28.704663581579712
2024-02-07 10:00:00,86.38530663664261,82.70065468111652,91.15843666637949,27.719106879001675
2024-02-07 11:00:00,85.91532164506381,90.08236243360747,93.48852897910118,19.35184359134264
2024-02-07 12:00:00,95.0,92.0,89.19612572185014,36.3780350912883
2024-02-07 13:00:00,95.0,91.3314512749179,91.68375160423484,47.6076780207568
2024-02-07 14:00:00,95.0,92.0,89.21973239189363,62.22425087510266
2024-02-07 15:00:00,95.0,86.6519183937658,88.79391411442391,64.8646030923881
2024-02-07 16:00:00,95.0,90.79261352143286,88.36604465143643,71.08677323449183
2024-02-07 17:00:00,95.0,89.74134351510247,87.94726968929182,71.69389139251774
2024-02-07 18:00:00,91.4849905425623,89.26794933832913,86.52349429470846,79.08725815692075
2024-02-07 19:00:00,93.7312678301361,89.06167603865079,86.60076475294014,88.97381399432132
2024-02-07 20:00:00,83.58018270980621,86.10356953674989,88.88752498313615,69.3377808201628
2024-02-07 21:00:00,80.8162736165273,79.19493387704071,87.43919332093465,76.1822601709364
2024-02-07 22:00:00,58.108347021134165,84.81317521279705,87.14108696277157,69.80021212348323
2024-02-07 23:00:00,51.09575163831971,76.78782650350139,84.63062759606919,74.24642838540542
2024-02-08 00:00:00,42.962647171091874,78.33678821138106,84.09963260838052,74.84177740520629
2024-02-08 01:00:00,43.246250247439825,81.79502940373365,88.3021775983127,52.98877705930703
2024-02-08 02:00:00,30.886489286502506,71.25024298104714,88.80169675966276,30.87756506024449
2024-02-08 03:00:00,31.395107628851697,65.4433315498227,90.75519374000392,38.93766268672861
2024-02-08 04:00:00,34.402449497019965,71.86024130261364,87.41505462107742,42.30778985613925
2024-02-08 05:00:00,36.29202946440425,76.38667619766058,88.9770820468091,33.08783578800261
2024-02-08 06:00:00,39.483560679785455,79.98264546767454,86.9174602463777,27.44472786895145
2024-02-08 07:00:00,50.970449964491536,72.03294213493601,90.06951305207282,18.78227879633211
2024-02-08 08:00:00,65.01539694519803,79.30755798716989,93.36105850235347,10.0
2024-02-08 09:00:00,64.8674235029447,78.85814008339652,90.77133433945842,25.14457978432369
2024-02-08 10:00:00,81.0176101748352,82.54921842915108,93.12421355865563,17.344983406189847
2024-02-08 11:00:00,86.49939592530413,92.0,91.3967315843319,46.25957043144723
2024-02-08 12:00:00,95.0,83.40775568148119,92.16285693446311,39.56405766683613
2024-02-08 13:00:00,95.0,90.77375505031745,88.77931057980132,37.59024222649277
2024-02-08 14:00:00,95.0,92.0,90.66049826434717,45.108918020890975
2024-02-08 15:00:00,95.0,92.0,83.82097090779185,57.021017700166915
2024-02-08 16:00:00,95.0,92.0,88.68969974716809,63.083984623826005
2024-02-08 17:00:00,95.0,92.0,85.06279478996056,80.14787363983606
2024-02-08 18:00:00,95.0,90.5507845260552,90.04889379499839,77.47209147148553
2024-02-08 19:00:00,95.0,90.96872641337856,88.6071054730805,73.12472087740383
2024-02-08 20:00:00,73.11269230201961,87.08550253858714,87.54558321289632,95.12352548124626
2024-02-08 21:00:00,59.00597021689959,87.59278707297432,89.39125878497536,79.37224144083383
2024-02-08 22:00:00,61.847310446165835,82.05585153155162,84.38589711708048,82.13147952128433
2024-02-08 23:00:00,47.48972887823696,81.73259485766548,89.91738542490043,66.34739137603836
2024-02-09 00:00:00,36.60956466688453,78.12649727323077,88.62344977431032,67.90492502195617
2024-02-09 01:00:00,38.900766085119216,79.54617024203833,86.79941828835167,60.253451282221185
2024-02-09 02:00:00,32.581970517293264,74.44945368027905,90.20179584992144,34.88280566323077
2024-02-09 03:00:00,27.179606846316357,68.31033480867914,86.47821774463107,58.357629530609486
2024-02-09 04:00:00,24.961444955082797,77.09925656563404,87.8549399309129,45.325155687380374
2024-02-09 05:00:00,39.72127049002318,70.9618384853151,89.09995229200277,25.609234035235673
2024-02-09 06:00:00,44.9667346423314,72.7415421843044,90.01942553625294,15.201079962819996
2024-02-09 07:00:00,49.50412068110309,74.52984513140088,89.62229235962644,23.802718121756367
2024-02-09 08:00:00,68.8804231761375,82.53601269221086,94.69503599633761,20.693581595315173
2024-02-09 09:00:00,64.64957616836924,74.4422869070387,92.06756867812753,23.867576799833785
2024-02-09 10:00:00,72.72513594947714,92.0,93.42921628592012,25.55185705601956
2024-02-09 11:00:00,86.54045965059377,89.24346405282654,91.51798744445254,32.83672447885098
2024-02-09 12:00:00,95.0,89.18162150429224,88.75448865787533,46.578445595134454
2024-02-09 13:00:00,95.0,90.44309215922297,92.49576045716788,46.78025428795355
2024-02-09 14:00:00,95.0,92.0,87.54652179519219,41.60275600872047
2024-02-09 15:00:00,95.0,92.0,90.54692713837473,68.66507417477524
2024-02-09 16:00:00,95.0,92.0,87.20781436677882,78.1249165079063
2024-02-09 17:00:00,95.0,92.0,93.17924565680485,96.4296573116931
2024-02-09 18:00:00,95.0,92.0,90.34058258720658,66.99280984761637
2024-02-09 19:00:00,95.0,90.16456842395937,88.14475073104681,80.92083089387425
2024-02-09 20:00:00,82.06638853598936,88.25649760935693,90.02060698522587,63.3432103744881
2024-02-09 21:00:00,72.28376609576893,85.73858465758622,85.5375667566775,83.40296803970573
2024-02-09 22:00:00,62.496074597060186,87.16123092552182,88.25164129702272,71.59515972819898
2024-02-09 23:00:00,52.23854280008659,82.9772019380396,87.70323227745911,86.60076979419605
2024-02-10 00:00:00,29.929342551875816,69.98835790553098,88.16805918940926,38.80308023985133
2024-02-10 01:00:00,27.004746499284607,78.7309599145492,90.69818824395549,24.25110704933753
2024-02-10 02:00:00,20.0,75.78308153043893,90.27649214206754,26.229890074379835
2024-02-10 03:00:00,20.0,74.16854403920019,90.14920447605675,10.0
2024-02-10 04:00:00,20.0,72.74317479946349,87.07514576246405,21.00879563605848
2024-02-10 05:00:00,27.559569925869823,77.6466116430991,89.27799152887563,10.0
2024-02-10 06:00:00,23.33376724224175,78.14065868185752,91.7129154661419,10.0
2024-02-10 07:00:00,44.004702164554075,74.59343410529863,92.80310477465264,10.0
2024-02-10 08:00:00,44.44644844267745,80.2290933693101,90.86941479375149,10.0
2024-02-10 09:00:00,47.84612448940976,78.52957744058904,95.0,14.169250457764221
2024-02-10 10:00:00,65.99328387865476,79.91868518817289,95.0,10.0
2024-02-10 11:00:00,71.59474171262559,84.79038004709658,94.74387919901726,10.0
2024-02-10 12:00:00,87.48748899240552,91.69432327429114,93.42072136249223,14.750372088487328
2024-02-10 13:00:00,86.37789625486559,92.0,92.41218018153512,22.37956362327995
2024-02-10 14:00:00,91.40611588548883,92.0,90.34814720693966,33.78104276674725
2024-02-10 15:00:00,85.55229634527234,92.0,91.72010864853577,26.829704446829012
2024-02-10 16:00:00,91.37550145531733,92.0,91.34090190568234,49.74053819077864
2024-02-10 17:00:00,77.52161951823277,91.96596427087262,87.60212488833236,29.578070382774225
2024-02-10 18:00:00,75.36475713003328,92.0,90.06716235829931,50.94168569462268
2024-02-10 19:00:00,78.80207328072149,92.0,88.50367743180674,55.071584049059695
2024-02-10 20:00:00,69.281762597355,91.56842954499628,84.55853089511413,65.0666146085699
2024-02-10 21:00:00,57.12728780892483,90.48528770830627,86.39038107100235,59.158821610087
2024-02-10 22:00:00,39.812357480253105,86.48007027176193,87.21842385379163,44.73625768268287
2024-02-10 23:00:00,34.761443219290115,82.84611448905986,91.95993910565444,43.33325842906031
2024-02-11 00:00:00,26.697716057085255,82.61521261971119,89.63407765676182,46.58944007637924
2024-02-11 01:00:00,20.0,77.27893190245084,86.36347048649455,37.13203261815917
2024-02-11 02:00:00,23.87995845727302,73.14848708783754,90.6645328962956,25.36700712291402
2024-02-11 03:00:00,20.0,74.33070751194468,87.35810155348237,18.388758330828534
2024-02-11 04:00:00,20.0,72.2692603195489,93.43125512364716,20.56934397727431
2024-02-11 05:00:00,20.493413043595112,72.843976753456,91.13678719675117,10.0
2024-02-11 06:00:00,27.75764279227586,75.4597613785805,92.65201333680739,10.0
2024-02-11 07:00:00,24.791325657878545,75.13004544100765,95.0,18.381717915972292
2024-02-11 08:00:00,43.411351283296185,78.67929001425749,91.43644748688322,10.0
2024-02-11 09:00:00,51.59007876001101,76.35894173858962,91.55294587054597,10.0
2024-02-11 10:00:00,60.344661754626244,85.2926588998966,93.3189124584191,10.287955204855697
2024-02-11 11:00:00,73.59449853557022,87.26938624219126,95.0,10.0
2024-02-11 12:00:00,92.27270388170952,87.25111505917637,91.11890786992345,12.454099778059039
2024-02-11 13:00:00,92.84523045771259,92.0,88.05323930606866,15.986177621875463
2024-02-11 14:00:00,90.78113810264874,92.0,92.2306187911185,27.9215988738599
2024-02-11 15:00:00,95.0,89.61336438406947,93.54958159227228,50.552876249846356
2024-02-11 16:00:00,95.0,92.0,94.10687270582687,51.417027668944954
2024-02-11 17:00:00,94.2641845659414,92.0,90.04027569607719,58.110991530692246
2024-02-11 18:00:00,83.58242309706277,90.69173521070827,89.4569086905299,44.650945667192
2024-02-11 19:00:00,71.76531611147213,92.0,92.0029493789201,49.7685448962491
2024-02-11 20:00:00,68.84387837216879,89.31931523447524,85.51561499243046,37.287370724116585
2024-02-11 21:00:00,56.96742692710875,86.72024116518863,88.21506192314774,52.50272822001002
2024-02-11 22:00:00,49.123204296037834,78.93880973217657,89.30743508143742,63.634387604618425
2024-02-11 23:00:00,38.17585900840986,84.29326205230088,89.96395361449652,55.348775561583395
2024-02-12 00:00:00,46.96349232913477,76.28222481543958,88.38231040226492,63.227893896382994
